lessonId	position	dayId	exerciseId	type	assessmentMode	instruction	audio	display	displayFormat	options	optionsFormat	correct	targetNumber	validationResult	origin	sourceExerciseId	topic	prerequisite	introducesNewContent	assessesContent
wb1_l1	1	wb1_l1_d1	wb1_l1_letter_recognition_a	multiple-choice		Choose the correct letter.	A. This is the letter A.	A	unknown	A | E | H | R	unknown	A		not-applicable:multiple-choice	lesson1Authored		alphabet	none	true	false
wb1_l1	2	wb1_l1_d1	wb1_l1_letter_recognition_b	multiple-choice		Choose the correct letter.	B. This is the letter B.	B	unknown	B | D | P | V	unknown	B		not-applicable:multiple-choice	lesson1Authored		alphabet	none	true	false
wb1_l1	3	wb1_l1_d1	wb1_l1_letter_recognition_c	multiple-choice		Choose the correct letter.	C. This is the letter C.	C	unknown	C | G | S | Z	unknown	C		not-applicable:multiple-choice	lesson1Authored		alphabet	none	true	false
wb1_l1	4	wb1_l1_d1	wb1_l1_letter_recognition_d	multiple-choice		Choose the correct letter.	D. This is the letter D.	D	unknown	D | B | T | P	unknown	D		not-applicable:multiple-choice	lesson1Authored		alphabet	none	true	false
wb1_l1	5	wb1_l1_d1	wb1_l1_letter_recognition_e	multiple-choice		Choose the correct letter.	E. This is the letter E.	E	unknown	E | A | I | H	unknown	E		not-applicable:multiple-choice	lesson1Authored		alphabet	none	true	false
wb1_l1	6	wb1_l1_d1	wb1_l1_letter_recognition_f	multiple-choice		Choose the correct letter.	F. This is the letter F.	F	unknown	F | S | V | E	unknown	F		not-applicable:multiple-choice	lesson1Authored		alphabet	none	true	false
wb1_l1	7	wb1_l1_d1	wb1_l1_letter_recognition_g	multiple-choice		Choose the correct letter.	G. This is the letter G.	G	unknown	G | J | K | Z	unknown	G		not-applicable:multiple-choice	lesson1Authored		alphabet	none	true	false
wb1_l1	8	wb1_l1_d1	wb1_l1_letter_recognition_h	multiple-choice		Choose the correct letter.	H. This is the letter H.	H	unknown	H | A | E | R	unknown	H		not-applicable:multiple-choice	lesson1Authored		alphabet	none	true	false
wb1_l1	9	wb1_l1_d1	wb1_l1_letter_recognition_i	multiple-choice		Choose the correct letter.	I. This is the letter I.	I	unknown	I | Y | E | A	unknown	I		not-applicable:multiple-choice	lesson1Authored		alphabet	none	true	false
wb1_l1	10	wb1_l1_d1	wb1_l1_letter_recognition_j	multiple-choice		Choose the correct letter.	J. This is the letter J.	J	unknown	J | G | K | Z	unknown	J		not-applicable:multiple-choice	lesson1Authored		alphabet	none	true	false
wb1_l1	11	wb1_l1_d1	wb1_l1_letter_recognition_k	multiple-choice		Choose the correct letter.	K. This is the letter K.	K	unknown	K | J | Q | G	unknown	K		not-applicable:multiple-choice	lesson1Authored		alphabet	none	true	false
wb1_l1	12	wb1_l1_d1	wb1_l1_letter_recognition_l	multiple-choice		Choose the correct letter.	L. This is the letter L.	L	unknown	L | M | N | R	unknown	L		not-applicable:multiple-choice	lesson1Authored		alphabet	none	true	false
wb1_l1	13	wb1_l1_d1	wb1_l1_letter_recognition_m	multiple-choice		Choose the correct letter.	M. This is the letter M.	M	unknown	M | N | L | W	unknown	M		not-applicable:multiple-choice	lesson1Authored		alphabet	none	true	false
wb1_l1	14	wb1_l1_d1	wb1_l1_letter_recognition_n	multiple-choice		Choose the correct letter.	N. This is the letter N.	N	unknown	N | M | L | R	unknown	N		not-applicable:multiple-choice	lesson1Authored		alphabet	none	true	false
wb1_l1	15	wb1_l1_d1	wb1_l1_letter_recognition_o	multiple-choice		Choose the correct letter.	O. This is the letter O.	O	unknown	O | Q | U | A	unknown	O		not-applicable:multiple-choice	lesson1Authored		alphabet	none	true	false
wb1_l1	16	wb1_l1_d2	wb1_l1_letter_recognition_p	multiple-choice		Choose the correct letter.	P. This is the letter P.	P	unknown	P | B | D | V	unknown	P		not-applicable:multiple-choice	lesson1Authored		alphabet	none	true	false
wb1_l1	17	wb1_l1_d2	wb1_l1_letter_recognition_q	multiple-choice		Choose the correct letter.	Q. This is the letter Q.	Q	unknown	Q | O | U | K	unknown	Q		not-applicable:multiple-choice	lesson1Authored		alphabet	none	true	false
wb1_l1	18	wb1_l1_d2	wb1_l1_letter_recognition_r	multiple-choice		Choose the correct letter.	R. This is the letter R.	R	unknown	R | A | L | W	unknown	R		not-applicable:multiple-choice	lesson1Authored		alphabet	none	true	false
wb1_l1	19	wb1_l1_d2	wb1_l1_letter_recognition_s	multiple-choice		Choose the correct letter.	S. This is the letter S.	S	unknown	S | C | X | Z	unknown	S		not-applicable:multiple-choice	lesson1Authored		alphabet	none	true	false
wb1_l1	20	wb1_l1_d2	wb1_l1_letter_recognition_t	multiple-choice		Choose the correct letter.	T. This is the letter T.	T	unknown	T | D | P | G	unknown	T		not-applicable:multiple-choice	lesson1Authored		alphabet	none	true	false
wb1_l1	21	wb1_l1_d2	wb1_l1_letter_recognition_u	multiple-choice		Choose the correct letter.	U. This is the letter U.	U	unknown	U | Q | O | V	unknown	U		not-applicable:multiple-choice	lesson1Authored		alphabet	none	true	false
wb1_l1	22	wb1_l1_d2	wb1_l1_letter_recognition_v	multiple-choice		Choose the correct letter.	V. This is the letter V.	V	unknown	V | B | P | W	unknown	V		not-applicable:multiple-choice	lesson1Authored		alphabet	none	true	false
wb1_l1	23	wb1_l1_d2	wb1_l1_letter_recognition_w	multiple-choice		Choose the correct letter.	W. This is the letter W.	W	unknown	W | M | N | R	unknown	W		not-applicable:multiple-choice	lesson1Authored		alphabet	none	true	false
wb1_l1	24	wb1_l1_d2	wb1_l1_letter_recognition_x	multiple-choice		Choose the correct letter.	X. This is the letter X.	X	unknown	X | S | Z | K	unknown	X		not-applicable:multiple-choice	lesson1Authored		alphabet	none	true	false
wb1_l1	25	wb1_l1_d2	wb1_l1_letter_recognition_y	multiple-choice		Choose the correct letter.	Y. This is the letter Y.	Y	unknown	Y | I | E | A	unknown	Y		not-applicable:multiple-choice	lesson1Authored		alphabet	none	true	false
wb1_l1	26	wb1_l1_d2	wb1_l1_letter_recognition_z	multiple-choice		Choose the correct letter.	Z. This is the letter Z.	Z	unknown	Z | G | J | S	unknown	Z		not-applicable:multiple-choice	lesson1Authored		alphabet	none	true	false
wb1_l1	27	wb1_l1_d2	wb1_l1_number_recognition_0	identification		Choose the correct number.	zero. This is the number zero.	0	digits	zero | one | ten | twenty	words	zero	0	PASS	lesson1Authored		numbers	none	true	false
wb1_l1	28	wb1_l1_d2	wb1_l1_number_recognition_1	identification		Choose the correct number.	one. This is the number one.	ONE	words	1 | 7 | 11 | 10	digits	1	1	PASS	lesson1Authored		numbers	none	true	false
wb1_l1	29	wb1_l1_d2	wb1_l1_number_recognition_2	identification		Choose the correct number.	two. This is the number two.	2	digits	two | twelve | twenty | ten	words	two	2	PASS	lesson1Authored		numbers	none	true	false
wb1_l1	30	wb1_l1_d2	wb1_l1_number_recognition_3	identification		Choose the correct number.	three. This is the number three.	THREE	words	3 | 13 | 8 | 18	digits	3	3	PASS	lesson1Authored		numbers	none	true	false
wb1_l1	31	wb1_l1_d3	wb1_l1_number_recognition_4	identification		Choose the correct number.	four. This is the number four.	4	digits	four | fourteen | forty | forty-four	words	four	4	PASS	lesson1Authored		numbers	none	true	false
wb1_l1	32	wb1_l1_d3	wb1_l1_number_recognition_5	identification		Choose the correct number.	five. This is the number five.	FIVE	words	5 | 15 | 50 | 55	digits	5	5	PASS	lesson1Authored		numbers	none	true	false
wb1_l1	33	wb1_l1_d3	wb1_l1_number_recognition_6	identification		Choose the correct number.	six. This is the number six.	6	digits	six | sixteen | sixty | sixty-six	words	six	6	PASS	lesson1Authored		numbers	none	true	false
wb1_l1	34	wb1_l1_d3	wb1_l1_number_recognition_7	identification		Choose the correct number.	seven. This is the number seven.	SEVEN	words	7 | 17 | 70 | 77	digits	7	7	PASS	lesson1Authored		numbers	none	true	false
wb1_l1	35	wb1_l1_d3	wb1_l1_number_recognition_8	identification		Choose the correct number.	eight. This is the number eight.	8	digits	eight | eighteen | eighty | eighty-eight	words	eight	8	PASS	lesson1Authored		numbers	none	true	false
wb1_l1	36	wb1_l1_d3	wb1_l1_number_recognition_9	identification		Choose the correct number.	nine. This is the number nine.	NINE	words	9 | 19 | 90 | 99	digits	9	9	PASS	lesson1Authored		numbers	none	true	false
wb1_l1	37	wb1_l1_d3	wb1_l1_number_recognition_10	identification		Choose the correct number.	ten. This is the number ten.	10	digits	ten | zero | eleven | twenty	words	ten	10	PASS	lesson1Authored		numbers	none	true	false
wb1_l1	38	wb1_l1_d3	wb1_l1_number_recognition_11	identification		Choose the correct number.	eleven. This is the number eleven.	11	digits	one | eleven | twelve | twenty	words	eleven	11	PASS	lesson1Authored		numbers	none	true	false
wb1_l1	39	wb1_l1_d3	wb1_l1_number_recognition_12	identification		Choose the correct number.	twelve. This is the number twelve.	12	digits	two | twelve | twenty | eleven	words	twelve	12	PASS	lesson1Authored		numbers	none	true	false
wb1_l1	40	wb1_l1_d3	wb1_l1_number_recognition_13	identification		Choose the correct number.	thirteen. This is the number thirteen.	THIRTEEN	words	13 | 3 | 30 | 33	digits	13	13	PASS	lesson1Authored		numbers	none	true	false
wb1_l1	41	wb1_l1_d3	wb1_l1_number_recognition_14	identification		Choose the correct number.	fourteen. This is the number fourteen.	14	digits	four | fourteen | forty | forty-four	words	fourteen	14	PASS	lesson1Authored		numbers	none	true	false
wb1_l1	42	wb1_l1_d3	wb1_l1_number_recognition_15	identification		Choose the correct number.	fifteen. This is the number fifteen.	FIFTEEN	words	15 | 5 | 50 | 55	digits	15	15	PASS	lesson1Authored		numbers	none	true	false
wb1_l1	43	wb1_l1_d3	wb1_l1_number_recognition_16	identification		Choose the correct number.	sixteen. This is the number sixteen.	16	digits	six | sixteen | sixty | sixty-six	words	sixteen	16	PASS	lesson1Authored		numbers	none	true	false
wb1_l1	44	wb1_l1_d3	wb1_l1_number_recognition_17	identification		Choose the correct number.	seventeen. This is the number seventeen.	SEVENTEEN	words	17 | 7 | 70 | 77	digits	17	17	PASS	lesson1Authored		numbers	none	true	false
wb1_l1	45	wb1_l1_d3	wb1_l1_number_recognition_18	identification		Choose the correct number.	eighteen. This is the number eighteen.	18	digits	eight | eighteen | eighty | eighty-eight	words	eighteen	18	PASS	lesson1Authored		numbers	none	true	false
wb1_l1	46	wb1_l1_d4	wb1_l1_number_recognition_19	identification		Choose the correct number.	nineteen. This is the number nineteen.	NINETEEN	words	19 | 9 | 90 | 99	digits	19	19	PASS	lesson1Authored		numbers	none	true	false
wb1_l1	47	wb1_l1_d4	wb1_l1_number_recognition_20	identification		Choose the correct number.	twenty. This is the number twenty.	20	digits	two | twenty | twelve | ten	words	twenty	20	PASS	lesson1Authored		numbers	none	true	false
wb1_l1	48	wb1_l1_d4	wb1_l1_letter_yes_no_a	multiple-choice		Choose YES or NO.	Is this the letter A?	A	unknown	YES | NO	unknown	YES		not-applicable:multiple-choice	lesson1Authored		alphabet	letter A recognition	false	true
wb1_l1	49	wb1_l1_d4	wb1_l1_letter_yes_no_b	multiple-choice		Choose YES or NO.	Is this the letter B?	D	unknown	YES | NO	unknown	NO		not-applicable:multiple-choice	lesson1Authored		alphabet	letter B recognition	false	true
wb1_l1	50	wb1_l1_d4	wb1_l1_letter_yes_no_c	multiple-choice		Choose YES or NO.	Is this the letter C?	C	unknown	YES | NO	unknown	YES		not-applicable:multiple-choice	lesson1Authored		alphabet	letter C recognition	false	true
wb1_l1	51	wb1_l1_d4	wb1_l1_letter_yes_no_d	multiple-choice		Choose YES or NO.	Is this the letter D?	B	unknown	YES | NO	unknown	NO		not-applicable:multiple-choice	lesson1Authored		alphabet	letter D recognition	false	true
wb1_l1	52	wb1_l1_d4	wb1_l1_letter_yes_no_e	multiple-choice		Choose YES or NO.	Is this the letter E?	E	unknown	YES | NO	unknown	YES		not-applicable:multiple-choice	lesson1Authored		alphabet	letter E recognition	false	true
wb1_l1	53	wb1_l1_d4	wb1_l1_letter_yes_no_f	multiple-choice		Choose YES or NO.	Is this the letter F?	S	unknown	YES | NO	unknown	NO		not-applicable:multiple-choice	lesson1Authored		alphabet	letter F recognition	false	true
wb1_l1	54	wb1_l1_d4	wb1_l1_letter_yes_no_g	multiple-choice		Choose YES or NO.	Is this the letter G?	G	unknown	YES | NO	unknown	YES		not-applicable:multiple-choice	lesson1Authored		alphabet	letter G recognition	false	true
wb1_l1	55	wb1_l1_d4	wb1_l1_letter_yes_no_h	multiple-choice		Choose YES or NO.	Is this the letter H?	A	unknown	YES | NO	unknown	NO		not-applicable:multiple-choice	lesson1Authored		alphabet	letter H recognition	false	true
wb1_l1	56	wb1_l1_d5	wb1_l1_letter_yes_no_i	multiple-choice		Choose YES or NO.	Is this the letter I?	I	unknown	YES | NO	unknown	YES		not-applicable:multiple-choice	lesson1Authored		alphabet	letter I recognition	false	true
wb1_l1	57	wb1_l1_d5	wb1_l1_letter_yes_no_j	multiple-choice		Choose YES or NO.	Is this the letter J?	G	unknown	YES | NO	unknown	NO		not-applicable:multiple-choice	lesson1Authored		alphabet	letter J recognition	false	true
wb1_l1	58	wb1_l1_d5	wb1_l1_letter_yes_no_k	multiple-choice		Choose YES or NO.	Is this the letter K?	K	unknown	YES | NO	unknown	YES		not-applicable:multiple-choice	lesson1Authored		alphabet	letter K recognition	false	true
wb1_l1	59	wb1_l1_d5	wb1_l1_letter_yes_no_l	multiple-choice		Choose YES or NO.	Is this the letter L?	M	unknown	YES | NO	unknown	NO		not-applicable:multiple-choice	lesson1Authored		alphabet	letter L recognition	false	true
wb1_l1	60	wb1_l1_d5	wb1_l1_letter_yes_no_m	multiple-choice		Choose YES or NO.	Is this the letter M?	M	unknown	YES | NO	unknown	YES		not-applicable:multiple-choice	lesson1Authored		alphabet	letter M recognition	false	true
wb1_l1	61	wb1_l1_d5	wb1_l1_letter_yes_no_n	multiple-choice		Choose YES or NO.	Is this the letter N?	M	unknown	YES | NO	unknown	NO		not-applicable:multiple-choice	lesson1Authored		alphabet	letter N recognition	false	true
wb1_l1	62	wb1_l1_d5	wb1_l1_letter_yes_no_o	multiple-choice		Choose YES or NO.	Is this the letter O?	O	unknown	YES | NO	unknown	YES		not-applicable:multiple-choice	lesson1Authored		alphabet	letter O recognition	false	true
wb1_l1	63	wb1_l1_d5	wb1_l1_letter_yes_no_p	multiple-choice		Choose YES or NO.	Is this the letter P?	B	unknown	YES | NO	unknown	NO		not-applicable:multiple-choice	lesson1Authored		alphabet	letter P recognition	false	true
wb1_l1	64	wb1_l1_d5	wb1_l1_letter_yes_no_q	multiple-choice		Choose YES or NO.	Is this the letter Q?	Q	unknown	YES | NO	unknown	YES		not-applicable:multiple-choice	lesson1Authored		alphabet	letter Q recognition	false	true
wb1_l1	65	wb1_l1_d5	wb1_l1_letter_yes_no_r	multiple-choice		Choose YES or NO.	Is this the letter R?	A	unknown	YES | NO	unknown	NO		not-applicable:multiple-choice	lesson1Authored		alphabet	letter R recognition	false	true
wb1_l1	66	wb1_l1_d5	wb1_l1_letter_yes_no_s	multiple-choice		Choose YES or NO.	Is this the letter S?	S	unknown	YES | NO	unknown	YES		not-applicable:multiple-choice	lesson1Authored		alphabet	letter S recognition	false	true
wb1_l1	67	wb1_l1_d5	wb1_l1_letter_yes_no_t	multiple-choice		Choose YES or NO.	Is this the letter T?	D	unknown	YES | NO	unknown	NO		not-applicable:multiple-choice	lesson1Authored		alphabet	letter T recognition	false	true
wb1_l1	68	wb1_l1_d5	wb1_l1_letter_yes_no_u	multiple-choice		Choose YES or NO.	Is this the letter U?	U	unknown	YES | NO	unknown	YES		not-applicable:multiple-choice	lesson1Authored		alphabet	letter U recognition	false	true
wb1_l1	69	wb1_l1_d5	wb1_l1_letter_yes_no_v	multiple-choice		Choose YES or NO.	Is this the letter V?	B	unknown	YES | NO	unknown	NO		not-applicable:multiple-choice	lesson1Authored		alphabet	letter V recognition	false	true
wb1_l1	70	wb1_l1_d5	wb1_l1_letter_yes_no_w	multiple-choice		Choose YES or NO.	Is this the letter W?	W	unknown	YES | NO	unknown	YES		not-applicable:multiple-choice	lesson1Authored		alphabet	letter W recognition	false	true
wb1_l1	71	wb1_l1_d6	wb1_l1_letter_yes_no_x	multiple-choice		Choose YES or NO.	Is this the letter X?	S	unknown	YES | NO	unknown	NO		not-applicable:multiple-choice	lesson1Authored		alphabet	letter X recognition	false	true
wb1_l1	72	wb1_l1_d6	wb1_l1_letter_yes_no_y	multiple-choice		Choose YES or NO.	Is this the letter Y?	Y	unknown	YES | NO	unknown	YES		not-applicable:multiple-choice	lesson1Authored		alphabet	letter Y recognition	false	true
wb1_l1	73	wb1_l1_d6	wb1_l1_letter_yes_no_z	multiple-choice		Choose YES or NO.	Is this the letter Z?	G	unknown	YES | NO	unknown	NO		not-applicable:multiple-choice	lesson1Authored		alphabet	letter Z recognition	false	true
wb1_l1	74	wb1_l1_d6	wb1_l1_number_yes_no_14	multiple-choice		Choose YES or NO.	Is this the number fourteen?	4	digits	YES | NO	unknown	NO	4	not-applicable:multiple-choice	lesson1Authored		numbers	number 14 recognition	false	true
wb1_l1	75	wb1_l1_d6	wb1_l1_number_write_7	writing		Write the number word.	seven	7	digits		none	seven	7	not-applicable:writing	lesson1Authored		numbers	number 7 recognition	false	true
wb1_l1	76	wb1_l1_d6	wb1_l1_number_write_16	writing		Write the number word.	sixteen	16	digits		none	sixteen	16	not-applicable:writing	lesson1Authored		numbers	number 16 recognition	false	true
wb1_l1	77	wb1_l1_d6	wb1_l1_shadow_letters	speaking	shadowing	Listen and repeat.	They are letters.	A B	unknown		none	They are letters.		not-applicable:speaking	lesson1Authored		singular-and-plural	letter recognition	false	true
wb1_l1	78	wb1_l1_d6	wb1_l1_shadow_numbers	speaking	shadowing	Listen and repeat.	They are numbers.	1 2	unknown		none	They are numbers.		not-applicable:speaking	lesson1Authored		singular-and-plural	number recognition	false	true
wb1_l1	79	wb1_l1_d6	wb1_l1_shadow_number_20	speaking	shadowing	Listen and repeat.	This is the number twenty.	20	digits		none	This is the number twenty.	20	not-applicable:speaking	lesson1Authored		numbers	number 20 recognition	false	true
wb1_l1	80	wb1_l1_d6	wb1_l1_speak_number_12	speaking	speaking	Listen and answer.	What is this?	12	digits		none	It is a number.	12	not-applicable:speaking	lesson1Authored		numbers	number recognition and modeled identification	false	true
wb1_l1	81	wb1_l1_d7	wb1_l1_final_listen_write_letter_a	writing	listening-writing	Listen and write.	A		unknown		none	A		not-applicable:writing	lesson1Authored		alphabet	recognition practice	false	true
wb1_l1	82	wb1_l1_d7	wb1_l1_final_listen_write_letter_e	writing	listening-writing	Listen and write.	E		unknown		none	E		not-applicable:writing	lesson1Authored		alphabet	recognition practice	false	true
wb1_l1	83	wb1_l1_d7	wb1_l1_final_listen_write_letter_h	writing	listening-writing	Listen and write.	H		unknown		none	H		not-applicable:writing	lesson1Authored		alphabet	recognition practice	false	true
wb1_l1	84	wb1_l1_d7	wb1_l1_final_listen_write_letter_z	writing	listening-writing	Listen and write.	Z		unknown		none	Z		not-applicable:writing	lesson1Authored		alphabet	recognition practice	false	true
wb1_l1	85	wb1_l1_d7	wb1_l1_final_listen_write_number_0	writing	listening-writing	Listen and write.	zero		unknown		none	zero	0	not-applicable:writing	lesson1Authored		numbers	recognition practice	false	true
wb1_l1	86	wb1_l1_d7	wb1_l1_final_listen_write_number_4	writing	listening-writing	Listen and write.	four		unknown		none	four	4	not-applicable:writing	lesson1Authored		numbers	recognition practice	false	true
wb1_l1	87	wb1_l1_d7	wb1_l1_final_listen_write_number_14	writing	listening-writing	Listen and write.	fourteen		unknown		none	fourteen	14	not-applicable:writing	lesson1Authored		numbers	recognition practice	false	true
wb1_l1	88	wb1_l1_d7	wb1_l1_final_listen_write_number_20	writing	listening-writing	Listen and write.	twenty		unknown		none	twenty	20	not-applicable:writing	lesson1Authored		numbers	recognition practice	false	true
wb1_l1	89	wb1_l1_d7	wb1_l1_final_shadow_letter_a	speaking	shadowing	Listen and repeat.	This is the letter A.		unknown		none	This is the letter A.		not-applicable:speaking	lesson1Authored		alphabet	modeled sentence in practice	false	true
wb1_l1	90	wb1_l1_d7	wb1_l1_final_shadow_letter_z	speaking	shadowing	Listen and repeat.	This is the letter Z.		unknown		none	This is the letter Z.		not-applicable:speaking	lesson1Authored		alphabet	modeled sentence in practice	false	true
wb1_l1	91	wb1_l1_d7	wb1_l1_final_shadow_number_0	speaking	shadowing	Listen and repeat.	This is the number zero.		unknown		none	This is the number zero.		not-applicable:speaking	lesson1Authored		numbers	modeled sentence in practice	false	true
wb1_l1	92	wb1_l1_d7	wb1_l1_final_shadow_number_20	speaking	shadowing	Listen and repeat.	This is the number twenty.		unknown		none	This is the number twenty.		not-applicable:speaking	lesson1Authored		numbers	modeled sentence in practice	false	true
wb1_l1	93	wb1_l1_d7	wb1_l1_final_shadow_letters	speaking	shadowing	Listen and repeat.	They are letters.		unknown		none	They are letters.		not-applicable:speaking	lesson1Authored		singular-and-plural	modeled sentence in practice	false	true
wb1_l1	94	wb1_l1_d7	wb1_l1_final_shadow_numbers	speaking	shadowing	Listen and repeat.	They are numbers.		unknown		none	They are numbers.		not-applicable:speaking	lesson1Authored		singular-and-plural	modeled sentence in practice	false	true
wb1_l1	95	wb1_l1_d7	wb1_l1_final_speak_identify_letter	speaking	speaking	Listen and answer.	What is this?	B	unknown		none	It is a letter.		not-applicable:speaking	lesson1Authored		alphabet	recognition, Yes/No and oral modeling	false	true
wb1_l1	96	wb1_l1_d7	wb1_l1_final_speak_identify_number	speaking	speaking	Listen and answer.	What is this?	12	digits		none	It is a number.	12	not-applicable:speaking	lesson1Authored		numbers	recognition, Yes/No and oral modeling	false	true
wb1_l1	97	wb1_l1_d7	wb1_l1_final_speak_yes_letter	speaking	speaking	Listen and answer.	Is this the letter A?	A	unknown		none	Yes, it is.		not-applicable:speaking	lesson1Authored		alphabet	recognition, Yes/No and oral modeling	false	true
wb1_l1	98	wb1_l1_d7	wb1_l1_final_speak_no_letter	speaking	speaking	Listen and answer.	Is this the letter A?	E	unknown		none	No, it is not.		not-applicable:speaking	lesson1Authored		alphabet	recognition, Yes/No and oral modeling	false	true
wb1_l1	99	wb1_l1_d7	wb1_l1_final_speak_plural_letters	speaking	speaking	Listen and answer.	What are they?	A B	unknown		none	They are letters.		not-applicable:speaking	lesson1Authored		singular-and-plural	recognition, Yes/No and oral modeling	false	true
wb1_l1	100	wb1_l1_d7	wb1_l1_final_speak_plural_numbers	speaking	speaking	Listen and answer.	What are they?	1 2	unknown		none	They are numbers.		not-applicable:speaking	lesson1Authored		singular-and-plural	recognition, Yes/No and oral modeling	false	true
wb1_l2	1	wb1_l2_d1	wb1_l2_d1_e1	identification		Listen and pick the correct answer.	sun		unknown	sun | moon | star | cloud	unknown	sun		not-applicable:identification	normalized from wb1_l2_d1_e1	wb1_l2_d1_e1	other		true	false
wb1_l2	2	wb1_l2_d1	wb1_l2_d1_e2	identification		Listen and pick the correct answer.	kite		unknown	kite | ball | plane | bird	unknown	kite		not-applicable:identification	normalized from wb1_l2_d1_e2	wb1_l2_d1_e2	other		true	false
wb1_l2	3	wb1_l2_d1	wb1_l2_d1_e3	identification		Listen and pick the correct answer.	tree		unknown	tree | bush | flower | grass	unknown	tree		not-applicable:identification	normalized from wb1_l2_d1_e3	wb1_l2_d1_e3	other		true	false
wb1_l2	4	wb1_l2_d1	wb1_l2_d1_e4	identification		Listen and pick the correct answer.	apple		unknown	apple | orange | banana | grape	unknown	apple		not-applicable:identification	normalized from wb1_l2_d1_e4	wb1_l2_d1_e4	other		true	false
wb1_l2	5	wb1_l2_d1	wb1_l2_d1_e5	identification		Listen and pick the correct answer.	rock		unknown	rock | sand | stone | water	unknown	rock		not-applicable:identification	normalized from wb1_l2_d1_e5	wb1_l2_d1_e5	other		true	false
wb1_l2	6	wb1_l2_d1	wb1_l2_d1_e6	identification		Listen and pick the correct answer.	water		unknown	water | juice | milk | tea	unknown	water		not-applicable:identification	normalized from wb1_l2_d1_e6	wb1_l2_d1_e6	other		true	false
wb1_l2	7	wb1_l2_d1	wb1_l2_d1_e7	identification		Listen and pick the correct answer.	wind		unknown	wind | rain | snow | cloud	unknown	wind		not-applicable:identification	normalized from wb1_l2_d1_e7	wb1_l2_d1_e7	other		true	false
wb1_l2	8	wb1_l2_d1	wb1_l2_d1_e8	identification		Listen and pick the correct answer.	toes		unknown	toes | feet | hands | eyes	unknown	toes		not-applicable:identification	normalized from wb1_l2_d1_e8	wb1_l2_d1_e8	other		true	false
wb1_l2	9	wb1_l2_d1	wb1_l2_d1_e9	identification		Listen and pick the correct answer.	sky		unknown	sky | sea | hill | road	unknown	sky		not-applicable:identification	normalized from wb1_l2_d1_e9	wb1_l2_d1_e9	other		true	false
wb1_l2	10	wb1_l2_d1	wb1_l2_d1_e10	multiple-choice		What is this?	This is the sun.		unknown	This is the sun. | That is a tree. | Those are toes. | This is a rock.	unknown	This is the sun.		not-applicable:multiple-choice	normalized from wb1_l2_d1_e10	wb1_l2_d1_e10	other		true	false
wb1_l2	11	wb1_l2_d1	wb1_l2_d1_e11	multiple-choice		What is that?	That is a kite.		unknown	That is a kite. | This is an apple. | Those are toes. | That is a tree.	unknown	That is a kite.		not-applicable:multiple-choice	normalized from wb1_l2_d1_e11	wb1_l2_d1_e11	alphabet		true	false
wb1_l2	12	wb1_l2_d1	wb1_l2_d1_e12	multiple-choice		What are those?	Those are toes.		unknown	Those are toes. | This is a rock. | That is a kite. | Those are trees.	unknown	Those are toes.		not-applicable:multiple-choice	normalized from wb1_l2_d1_e12	wb1_l2_d1_e12	other		true	false
wb1_l2	13	wb1_l2_d1	wb1_l2_d1_e13	multiple-choice		What is this?	This is a tree.		unknown	This is a tree. | Those are trees. | That is the tree. | This are trees.	unknown	This is a tree.		not-applicable:multiple-choice	normalized from wb1_l2_d1_e13	wb1_l2_d1_e13	alphabet		false	true
wb1_l2	14	wb1_l2_d1	wb1_l2_d1_e14	identification		What is this?	This is the sun.	fa-sun	unknown	This is the sun. | That is a kite. | Those are toes. | This is a rock.	unknown	This is the sun.		not-applicable:identification	normalized from wb1_l2_d1_e14	wb1_l2_d1_e14	other		false	true
wb1_l2	15	wb1_l2_d1	wb1_l2_d1_e15	identification		What is that?	That is a tree.	fa-tree	unknown	This is an apple. | That is a tree. | Those are rocks. | This is the sun.	unknown	That is a tree.		not-applicable:identification	normalized from wb1_l2_d1_e15	wb1_l2_d1_e15	alphabet		false	true
wb1_l2	16	wb1_l2_d2	wb1_l2_d2_e1	identification		What is this?	sun	fa-sun	unknown	sun | moon | star | cloud	unknown	sun		not-applicable:identification	normalized from wb1_l2_d2_e1	wb1_l2_d2_e1	other		true	false
wb1_l2	17	wb1_l2_d2	wb1_l2_d2_e2	identification		What is this?	kite	fa-kite	unknown	kite | ball | plane | bird	unknown	kite		not-applicable:identification	normalized from wb1_l2_d2_e2	wb1_l2_d2_e2	other		false	true
wb1_l2	18	wb1_l2_d2	wb1_l2_d2_e3	identification		What is this?	tree	fa-tree	unknown	tree | bush | flower | rock	unknown	tree		not-applicable:identification	normalized from wb1_l2_d2_e3	wb1_l2_d2_e3	other		false	true
wb1_l2	19	wb1_l2_d2	wb1_l2_d2_e4	identification		What is this?	apple	fa-apple-whole	unknown	apple | orange | banana | grape	unknown	apple		not-applicable:identification	normalized from wb1_l2_d2_e4	wb1_l2_d2_e4	other		false	true
wb1_l2	20	wb1_l2_d2	wb1_l2_d2_e5	identification		What is this?	rock	fa-mountain	unknown	rock | sand | stone | water	unknown	rock		not-applicable:identification	normalized from wb1_l2_d2_e5	wb1_l2_d2_e5	other		false	true
wb1_l2	21	wb1_l2_d2	wb1_l2_d2_e6	identification		What is this?	water	fa-droplet	unknown	water | juice | milk | tea	unknown	water		not-applicable:identification	normalized from wb1_l2_d2_e6	wb1_l2_d2_e6	other		false	true
wb1_l2	22	wb1_l2_d2	wb1_l2_d2_e7	identification		What is this?	wind	fa-wind	unknown	wind | rain | snow | cloud	unknown	wind		not-applicable:identification	normalized from wb1_l2_d2_e7	wb1_l2_d2_e7	other		false	true
wb1_l2	23	wb1_l2_d2	wb1_l2_d2_e8	identification		What is this?	toes	fa-foot	unknown	toes | feet | hands | nose	unknown	toes		not-applicable:identification	normalized from wb1_l2_d2_e8	wb1_l2_d2_e8	other		false	true
wb1_l2	24	wb1_l2_d2	wb1_l2_d2_e9	writing		Type in words what you hear.	sky		unknown		none	sky		not-applicable:writing	normalized from wb1_l2_d2_e9	wb1_l2_d2_e9	other		false	true
wb1_l2	25	wb1_l2_d2	wb1_l2_d2_e10	writing		Type in words what you hear.	wind		unknown		none	wind		not-applicable:writing	normalized from wb1_l2_d2_e10	wb1_l2_d2_e10	other		false	true
wb1_l2	26	wb1_l2_d2	wb1_l2_d2_e11	identification		Listen and pick the correct answer.	sun		unknown	sun | moon | star | cloud	unknown	sun		not-applicable:identification	normalized from wb1_l2_d1_e1	wb1_l2_d1_e1	other		true	false
wb1_l2	27	wb1_l2_d2	wb1_l2_d2_e12	identification		Listen and pick the correct answer.	kite		unknown	kite | ball | plane | bird	unknown	kite		not-applicable:identification	normalized from wb1_l2_d1_e2	wb1_l2_d1_e2	other		true	false
wb1_l2	28	wb1_l2_d2	wb1_l2_d2_e13	identification		Listen and pick the correct answer.	tree		unknown	tree | bush | flower | grass	unknown	tree		not-applicable:identification	normalized from wb1_l2_d1_e3	wb1_l2_d1_e3	other		true	false
wb1_l2	29	wb1_l2_d2	wb1_l2_d2_e14	identification		Listen and pick the correct answer.	apple		unknown	apple | orange | banana | grape	unknown	apple		not-applicable:identification	normalized from wb1_l2_d1_e4	wb1_l2_d1_e4	other		true	false
wb1_l2	30	wb1_l2_d2	wb1_l2_d2_e15	identification		Listen and pick the correct answer.	rock		unknown	rock | sand | stone | water	unknown	rock		not-applicable:identification	normalized from wb1_l2_d1_e5	wb1_l2_d1_e5	other		true	false
wb1_l2	31	wb1_l2_d3	wb1_l2_d3_e1	multiple-choice		What is this?	This is a rock.		unknown	This is a rock. | That is a rock. | Those are rocks. | This a rock.	unknown	This is a rock.		not-applicable:multiple-choice	normalized from wb1_l2_d3_e1	wb1_l2_d3_e1	alphabet		true	false
wb1_l2	32	wb1_l2_d3	wb1_l2_d3_e2	multiple-choice		What is that?	That is a kite.		unknown	That is a kite. | This is a kite. | Those are kites. | That a kite.	unknown	That is a kite.		not-applicable:multiple-choice	normalized from wb1_l2_d3_e2	wb1_l2_d3_e2	alphabet		true	false
wb1_l2	33	wb1_l2_d3	wb1_l2_d3_e3	multiple-choice		What are those?	Those are toes.		unknown	Those are toes. | This is toes. | That are toes. | Those toes.	unknown	Those are toes.		not-applicable:multiple-choice	normalized from wb1_l2_d3_e3	wb1_l2_d3_e3	other		true	false
wb1_l2	34	wb1_l2_d3	wb1_l2_d3_e4	multiple-choice		What is this?	This is an apple.		unknown	This is an apple. | That is an apple. | Those are apples. | This an apple.	unknown	This is an apple.		not-applicable:multiple-choice	normalized from wb1_l2_d3_e4	wb1_l2_d3_e4	other		false	true
wb1_l2	35	wb1_l2_d3	wb1_l2_d3_e5	multiple-choice		What is that?	That is a tree.		unknown	That is a tree. | This is a tree. | Those are trees. | That tree.	unknown	That is a tree.		not-applicable:multiple-choice	normalized from wb1_l2_d3_e5	wb1_l2_d3_e5	alphabet		false	true
wb1_l2	36	wb1_l2_d3	wb1_l2_d3_e6	speaking		Listen and repeat exactly as you hear.	What is this?		unknown		none	What is this?		not-applicable:speaking	normalized from wb1_l2_d3_e6	wb1_l2_d3_e6	other		false	true
wb1_l2	37	wb1_l2_d3	wb1_l2_d3_e7	speaking		Listen and repeat exactly as you hear.	This is an apple.		unknown		none	This is an apple.		not-applicable:speaking	normalized from wb1_l2_d3_e7	wb1_l2_d3_e7	other		false	true
wb1_l2	38	wb1_l2_d3	wb1_l2_d3_e8	speaking		Listen and repeat exactly as you hear.	What is that?		unknown		none	What is that?		not-applicable:speaking	normalized from wb1_l2_d3_e8	wb1_l2_d3_e8	other		false	true
wb1_l2	39	wb1_l2_d3	wb1_l2_d3_e9	speaking		Listen and repeat exactly as you hear.	That is a tree.		unknown		none	That is a tree.		not-applicable:speaking	normalized from wb1_l2_d3_e9	wb1_l2_d3_e9	alphabet		false	true
wb1_l2	40	wb1_l2_d3	wb1_l2_d3_e10	speaking		Listen and repeat exactly as you hear.	Those are toes.		unknown		none	Those are toes.		not-applicable:speaking	normalized from wb1_l2_d3_e10	wb1_l2_d3_e10	other		false	true
wb1_l2	41	wb1_l2_d3	wb1_l2_d3_e11	identification		Listen and pick the correct answer.	sun		unknown	sun | moon | star | cloud	unknown	sun		not-applicable:identification	normalized from wb1_l2_d1_e1	wb1_l2_d1_e1	other		true	false
wb1_l2	42	wb1_l2_d3	wb1_l2_d3_e12	identification		Listen and pick the correct answer.	kite		unknown	kite | ball | plane | bird	unknown	kite		not-applicable:identification	normalized from wb1_l2_d1_e2	wb1_l2_d1_e2	other		true	false
wb1_l2	43	wb1_l2_d3	wb1_l2_d3_e13	identification		Listen and pick the correct answer.	tree		unknown	tree | bush | flower | grass	unknown	tree		not-applicable:identification	normalized from wb1_l2_d1_e3	wb1_l2_d1_e3	other		true	false
wb1_l2	44	wb1_l2_d3	wb1_l2_d3_e14	identification		Listen and pick the correct answer.	apple		unknown	apple | orange | banana | grape	unknown	apple		not-applicable:identification	normalized from wb1_l2_d1_e4	wb1_l2_d1_e4	other		true	false
wb1_l2	45	wb1_l2_d3	wb1_l2_d3_e15	identification		Listen and pick the correct answer.	rock		unknown	rock | sand | stone | water	unknown	rock		not-applicable:identification	normalized from wb1_l2_d1_e5	wb1_l2_d1_e5	other		true	false
wb1_l2	46	wb1_l2_d4	wb1_l2_d4_e1	multiple-choice		Read: "It is a sunny day." What kind of day is it?	It is a sunny day.	It is a sunny day.	unknown	sunny | rainy | cold | dark	unknown	sunny		not-applicable:multiple-choice	normalized from wb1_l2_d4_e1	wb1_l2_d4_e1	alphabet		true	false
wb1_l2	47	wb1_l2_d4	wb1_l2_d4_e2	multiple-choice		Read: "The sky is blue." What color is the sky?	The sky is blue.	The sky is blue.	unknown	blue | red | green | yellow	unknown	blue		not-applicable:multiple-choice	normalized from wb1_l2_d4_e2	wb1_l2_d4_e2	colors		true	false
wb1_l2	48	wb1_l2_d4	wb1_l2_d4_e3	multiple-choice		Read: "The kite is red and white." What color is the kite?	The kite is red and white.	The kite is red and white.	unknown	red and white | blue and green | black and yellow | orange and pink	unknown	red and white		not-applicable:multiple-choice	normalized from wb1_l2_d4_e3	wb1_l2_d4_e3	colors		false	true
wb1_l2	49	wb1_l2_d4	wb1_l2_d4_e4	multiple-choice		Read: "I sit on a rock near a tree." Where do I sit?	I sit on a rock near a tree.	I sit on a rock near a tree.	unknown	on a rock | in a tree | on the grass | near water	unknown	on a rock		not-applicable:multiple-choice	normalized from wb1_l2_d4_e4	wb1_l2_d4_e4	alphabet		false	true
wb1_l2	50	wb1_l2_d4	wb1_l2_d4_e5	multiple-choice		Read: "I eat an apple." What do I eat?	I eat an apple.	I eat an apple.	unknown	an apple | an orange | a banana | a kite	unknown	an apple		not-applicable:multiple-choice	normalized from wb1_l2_d4_e5	wb1_l2_d4_e5	alphabet		false	true
wb1_l2	51	wb1_l2_d4	wb1_l2_d4_e6	multiple-choice		Read: "I drink water." What do I drink?	I drink water.	I drink water.	unknown	water | juice | milk | tea	unknown	water		not-applicable:multiple-choice	normalized from wb1_l2_d4_e6	wb1_l2_d4_e6	alphabet		false	true
wb1_l2	52	wb1_l2_d4	wb1_l2_d4_e7	multiple-choice		Read: "My toes are hot." How are my toes?	My toes are hot.	My toes are hot.	unknown	hot | cold | wet | small	unknown	hot		not-applicable:multiple-choice	normalized from wb1_l2_d4_e7	wb1_l2_d4_e7	other		true	false
wb1_l2	53	wb1_l2_d4	wb1_l2_d4_e8	multiple-choice		Read: "The wind blows." What does the wind do?	The wind blows.	The wind blows.	unknown	blows | rains | shines | falls	unknown	blows		not-applicable:multiple-choice	normalized from wb1_l2_d4_e8	wb1_l2_d4_e8	other		true	false
wb1_l2	54	wb1_l2_d4	wb1_l2_d4_e9	speaking		Listen and repeat.	blue	blue	unknown		none	blue		not-applicable:speaking	normalized from wb1_l2_d4_e9	wb1_l2_d4_e9	colors		false	true
wb1_l2	55	wb1_l2_d4	wb1_l2_d4_e10	speaking		Listen and repeat.	apple	apple	unknown		none	apple		not-applicable:speaking	normalized from wb1_l2_d4_e10	wb1_l2_d4_e10	other		false	true
wb1_l2	56	wb1_l2_d5	wb1_l2_d5_e1	speaking		Listen and repeat exactly as you hear.	This is the sun.		unknown		none	This is the sun.		not-applicable:speaking	normalized from wb1_l2_d5_e1	wb1_l2_d5_e1	other		false	true
wb1_l2	57	wb1_l2_d5	wb1_l2_d5_e2	speaking		Listen and repeat exactly as you hear.	That is a tree.		unknown		none	That is a tree.		not-applicable:speaking	normalized from wb1_l2_d5_e2	wb1_l2_d5_e2	alphabet		false	true
wb1_l2	58	wb1_l2_d5	wb1_l2_d5_e3	speaking		Listen and repeat exactly as you hear.	This is an apple.		unknown		none	This is an apple.		not-applicable:speaking	normalized from wb1_l2_d5_e3	wb1_l2_d5_e3	other		false	true
wb1_l2	59	wb1_l2_d5	wb1_l2_d5_e4	speaking		Listen and repeat exactly as you hear.	Those are toes.		unknown		none	Those are toes.		not-applicable:speaking	normalized from wb1_l2_d5_e4	wb1_l2_d5_e4	other		false	true
wb1_l2	60	wb1_l2_d5	wb1_l2_d5_e5	speaking		Listen and repeat exactly as you hear.	The kite is red and white.		unknown		none	The kite is red and white.		not-applicable:speaking	normalized from wb1_l2_d5_e5	wb1_l2_d5_e5	colors		false	true
wb1_l2	61	wb1_l2_d5	wb1_l2_d5_e6	speaking		Listen and repeat exactly as you hear.	It is a sunny day.		unknown		none	It is a sunny day.		not-applicable:speaking	normalized from wb1_l2_d5_e6	wb1_l2_d5_e6	alphabet		false	true
wb1_l2	62	wb1_l2_d5	wb1_l2_d5_e7	speaking		Listen and repeat exactly as you hear.	I sit on a rock near a tree.		unknown		none	I sit on a rock near a tree.		not-applicable:speaking	normalized from wb1_l2_d5_e7	wb1_l2_d5_e7	alphabet		false	true
wb1_l2	63	wb1_l2_d5	wb1_l2_d5_e8	speaking		Listen and repeat exactly as you hear.	I eat an apple and drink water.		unknown		none	I eat an apple and drink water.		not-applicable:speaking	normalized from wb1_l2_d5_e8	wb1_l2_d5_e8	alphabet		false	true
wb1_l2	64	wb1_l2_d5	wb1_l2_d5_e9	speaking		Listen and repeat exactly as you hear.	My toes are hot.		unknown		none	My toes are hot.		not-applicable:speaking	normalized from wb1_l2_d5_e9	wb1_l2_d5_e9	other		false	true
wb1_l2	65	wb1_l2_d5	wb1_l2_d5_e10	speaking		Listen and repeat exactly as you hear.	The wind blows.		unknown		none	The wind blows.		not-applicable:speaking	normalized from wb1_l2_d5_e10	wb1_l2_d5_e10	other		false	true
wb1_l2	66	wb1_l2_d5	wb1_l2_d5_e11	multiple-choice		It is ___ apple.	It's an apple.		unknown	a | an	unknown	an		not-applicable:multiple-choice	normalized from wb1_l2_d6_e1	wb1_l2_d6_e1	alphabet		true	false
wb1_l2	67	wb1_l2_d5	wb1_l2_d5_e12	multiple-choice		It is ___ kite.	It's a kite.		unknown	a | an	unknown	a		not-applicable:multiple-choice	normalized from wb1_l2_d6_e2	wb1_l2_d6_e2	alphabet		false	true
wb1_l2	68	wb1_l2_d5	wb1_l2_d5_e13	multiple-choice		It is ___ sunny day.	It's a sunny day.		unknown	a | an	unknown	a		not-applicable:multiple-choice	normalized from wb1_l2_d6_e3	wb1_l2_d6_e3	alphabet		false	true
wb1_l2	69	wb1_l2_d5	wb1_l2_d5_e14	multiple-choice		I sit on ___ rock.	I sit on a rock.		unknown	a | an	unknown	a		not-applicable:multiple-choice	normalized from wb1_l2_d6_e4	wb1_l2_d6_e4	alphabet		false	true
wb1_l2	70	wb1_l2_d5	wb1_l2_d5_e15	multiple-choice		I eat ___ apple.	I eat an apple.		unknown	a | an	unknown	an		not-applicable:multiple-choice	normalized from wb1_l2_d6_e5	wb1_l2_d6_e5	alphabet		false	true
wb1_l2	71	wb1_l2_d6	wb1_l2_d6_e1	multiple-choice		It is ___ apple.	It's an apple.		unknown	a | an	unknown	an		not-applicable:multiple-choice	normalized from wb1_l2_d6_e1	wb1_l2_d6_e1	alphabet		true	false
wb1_l2	72	wb1_l2_d6	wb1_l2_d6_e2	multiple-choice		It is ___ kite.	It's a kite.		unknown	a | an	unknown	a		not-applicable:multiple-choice	normalized from wb1_l2_d6_e2	wb1_l2_d6_e2	alphabet		false	true
wb1_l2	73	wb1_l2_d6	wb1_l2_d6_e3	multiple-choice		It is ___ sunny day.	It's a sunny day.		unknown	a | an	unknown	a		not-applicable:multiple-choice	normalized from wb1_l2_d6_e3	wb1_l2_d6_e3	alphabet		false	true
wb1_l2	74	wb1_l2_d6	wb1_l2_d6_e4	multiple-choice		I sit on ___ rock.	I sit on a rock.		unknown	a | an	unknown	a		not-applicable:multiple-choice	normalized from wb1_l2_d6_e4	wb1_l2_d6_e4	alphabet		false	true
wb1_l2	75	wb1_l2_d6	wb1_l2_d6_e5	multiple-choice		I eat ___ apple.	I eat an apple.		unknown	a | an	unknown	an		not-applicable:multiple-choice	normalized from wb1_l2_d6_e5	wb1_l2_d6_e5	alphabet		false	true
wb1_l2	76	wb1_l2_d6	wb1_l2_d6_e6	identification		Listen and pick the correct answer.	water		unknown	water | kite | tree | sun	unknown	water		not-applicable:identification	normalized from wb1_l2_d6_e6	wb1_l2_d6_e6	other		false	true
wb1_l2	77	wb1_l2_d6	wb1_l2_d6_e7	identification		Listen and pick the correct answer.	apple		unknown	apple | orange | rock | wind	unknown	apple		not-applicable:identification	normalized from wb1_l2_d6_e7	wb1_l2_d6_e7	other		false	true
wb1_l2	78	wb1_l2_d6	wb1_l2_d6_e8	speaking		Listen and repeat exactly as you hear.	What is this?		unknown		none	What is this?		not-applicable:speaking	normalized from wb1_l2_d6_e8	wb1_l2_d6_e8	other		false	true
wb1_l2	79	wb1_l2_d6	wb1_l2_d6_e9	speaking		Listen and repeat exactly as you hear.	That is a rock.		unknown		none	That is a rock.		not-applicable:speaking	normalized from wb1_l2_d6_e9	wb1_l2_d6_e9	alphabet		false	true
wb1_l2	80	wb1_l2_d6	wb1_l2_d6_e10	multiple-choice		What are those?	Those are toes.		unknown	Those are toes. | What is those? | Those is toes. | What are those?	unknown	Those are toes.		not-applicable:multiple-choice	normalized from wb1_l2_d6_e10	wb1_l2_d6_e10	other		false	true
wb1_l2	81	wb1_l2_d7	wb1_l2_final_v2_listen_write_1	writing	listening-writing	Listen and write exactly what you hear.	sun		unknown		none	sun		not-applicable:writing	normalized from wb1_l2_d1_e1	wb1_l2_d1_e1	other		true	false
wb1_l2	82	wb1_l2_d7	wb1_l2_final_v2_listen_write_2	writing	listening-writing	Listen and write exactly what you hear.	water		unknown		none	water		not-applicable:writing	normalized from wb1_l2_d6_e6	wb1_l2_d6_e6	other		false	true
wb1_l2	83	wb1_l2_d7	wb1_l2_final_v2_listen_write_3	writing	listening-writing	Listen and write exactly what you hear.	This is the sun.		unknown		none	This is the sun.		not-applicable:writing	normalized from wb1_l2_d5_e1	wb1_l2_d5_e1	other		false	true
wb1_l2	84	wb1_l2_d7	wb1_l2_final_v2_listen_write_4	writing	listening-writing	Listen and write exactly what you hear.	This is a rock.		unknown		none	This is a rock.		not-applicable:writing	normalized from wb1_l2_d3_e1	wb1_l2_d3_e1	alphabet		true	false
wb1_l2	85	wb1_l2_d7	wb1_l2_final_v2_listen_write_5	writing	listening-writing	Listen and write exactly what you hear.	It is a sunny day.		unknown		none	It is a sunny day.		not-applicable:writing	normalized from wb1_l2_d5_e6	wb1_l2_d5_e6	alphabet		false	true
wb1_l2	86	wb1_l2_d7	wb1_l2_final_v2_listen_write_6	writing	listening-writing	Listen and write exactly what you hear.	I eat an apple.		unknown		none	I eat an apple.		not-applicable:writing	normalized from wb1_l2_d6_e5	wb1_l2_d6_e5	alphabet		false	true
wb1_l2	87	wb1_l2_d7	wb1_l2_final_v2_listen_write_7	writing	listening-writing	Listen and write exactly what you hear.	blue		unknown		none	blue		not-applicable:writing	normalized from wb1_l2_d4_e9	wb1_l2_d4_e9	colors		false	true
wb1_l2	88	wb1_l2_d7	wb1_l2_final_v2_listen_write_8	writing	listening-writing	Listen and write exactly what you hear.	It's a kite.		unknown		none	It's a kite.		not-applicable:writing	normalized from wb1_l2_d6_e2	wb1_l2_d6_e2	alphabet		false	true
wb1_l2	89	wb1_l2_d7	wb1_l2_final_v2_shadow_1	speaking	shadowing	Listen and repeat exactly what you hear.	This is the sun.		unknown		none	This is the sun.		not-applicable:speaking	normalized from wb1_l2_d5_e1	wb1_l2_d5_e1	other		false	true
wb1_l2	90	wb1_l2_d7	wb1_l2_final_v2_shadow_2	speaking	shadowing	Listen and repeat exactly what you hear.	That is a tree.		unknown		none	That is a tree.		not-applicable:speaking	normalized from wb1_l2_d5_e2	wb1_l2_d5_e2	alphabet		false	true
wb1_l2	91	wb1_l2_d7	wb1_l2_final_v2_shadow_3	speaking	shadowing	Listen and repeat exactly what you hear.	It is a sunny day.		unknown		none	It is a sunny day.		not-applicable:speaking	normalized from wb1_l2_d5_e6	wb1_l2_d5_e6	alphabet		false	true
wb1_l2	92	wb1_l2_d7	wb1_l2_final_v2_shadow_4	speaking	shadowing	Listen and repeat exactly what you hear.	I eat an apple.		unknown		none	I eat an apple.		not-applicable:speaking	normalized from wb1_l2_d6_e5	wb1_l2_d6_e5	alphabet		false	true
wb1_l2	93	wb1_l2_d7	wb1_l2_final_v2_shadow_5	speaking	shadowing	Listen and repeat exactly what you hear.	The wind blows.		unknown		none	The wind blows.		not-applicable:speaking	normalized from wb1_l2_d5_e10	wb1_l2_d5_e10	other		false	true
wb1_l2	94	wb1_l2_d7	wb1_l2_final_v2_shadow_6	speaking	shadowing	Listen and repeat exactly what you hear.	It's a sunny day.		unknown		none	It's a sunny day.		not-applicable:speaking	normalized from wb1_l2_d6_e3	wb1_l2_d6_e3	alphabet		false	true
wb1_l2	95	wb1_l2_d7	wb1_l2_final_v2_speak_1	speaking	speaking	Listen and answer aloud in English.	What is this?	fa-kite	unknown		none	This is a kite.		not-applicable:speaking	normalized from wb1_l2_d6_e1	wb1_l2_d6_e1	alphabet		true	false
wb1_l2	96	wb1_l2_d7	wb1_l2_final_v2_speak_2	speaking	speaking	Listen and answer aloud in English.	Which article completes this sentence: "It is ___ kite"?		unknown		none	a		not-applicable:speaking	normalized from wb1_l2_d6_e2	wb1_l2_d6_e2	alphabet		false	true
wb1_l2	97	wb1_l2_d7	wb1_l2_final_v2_speak_3	speaking	speaking	Listen and answer aloud in English.	Which article completes this sentence: "I sit on ___ rock"?		unknown		none	a		not-applicable:speaking	normalized from wb1_l2_d6_e4	wb1_l2_d6_e4	alphabet		false	true
wb1_l2	98	wb1_l2_d7	wb1_l2_final_v2_speak_4	speaking	speaking	Listen and answer aloud in English.	Which article completes this sentence: "I eat ___ apple"?		unknown		none	an		not-applicable:speaking	normalized from wb1_l2_d6_e5	wb1_l2_d6_e5	alphabet		false	true
wb1_l2	99	wb1_l2_d7	wb1_l2_final_v2_speak_5	speaking	speaking	Complete the sentence aloud in English.		It is ___ apple.	unknown		none	It is an apple.		not-applicable:speaking	normalized from wb1_l2_d6_e3	wb1_l2_d6_e3	other		false	true
wb1_l2	100	wb1_l2_d7	wb1_l2_final_v2_speak_6	speaking	speaking	Listen and answer aloud in English.	What is "sol" in English?		unknown		none	sun		not-applicable:speaking	normalized from wb1_l2_d1_e1	wb1_l2_d1_e1	other		true	false
wb1_l3	1	wb1_l3_d1	wb1_l3_d1_e1	identification		What does Daniel do in the morning?	wake up	fa-bed	unknown	sleep | wake up | eat | walk	unknown	wake up		not-applicable:identification	normalized from wb1_l3_d1_e1	wb1_l3_d1_e1	other		true	false
wb1_l3	2	wb1_l3_d1	wb1_l3_d1_e2	identification		What does Sarah do before breakfast?	take a shower	fa-shower	unknown	take a shower | cook | eat | drink	unknown	take a shower		not-applicable:identification	normalized from wb1_l3_d1_e2	wb1_l3_d1_e2	alphabet		true	false
wb1_l3	3	wb1_l3_d1	wb1_l3_d1_e3	identification		What does Tom do with his breakfast?	eat breakfast	fa-utensils	unknown	drink milk | eat breakfast | walk to school | play games	unknown	eat breakfast		not-applicable:identification	normalized from wb1_l3_d1_e3	wb1_l3_d1_e3	other		true	false
wb1_l3	4	wb1_l3_d1	wb1_l3_d1_e4	identification		What does Lisa do before school?	get ready for school	fa-book	unknown	sleep | get ready for school | take a shower | wake up	unknown	get ready for school		not-applicable:identification	normalized from wb1_l3_d1_e4	wb1_l3_d1_e4	other		true	false
wb1_l3	5	wb1_l3_d1	wb1_l3_d1_e5	identification		What does Mark do to go to school?	walk to school	fa-person-walking	unknown	take a shower | eat | walk to school | sleep	unknown	walk to school		not-applicable:identification	normalized from wb1_l3_d1_e5	wb1_l3_d1_e5	other		true	false
wb1_l3	6	wb1_l3_d1	wb1_l3_d1_e6	writing		Type in words what you hear.	wake up		unknown		none	wake up		not-applicable:writing	normalized from wb1_l3_d1_e6	wb1_l3_d1_e6	other		false	true
wb1_l3	7	wb1_l3_d1	wb1_l3_d1_e7	writing		Type in words what you hear.	shower		unknown		none	shower		not-applicable:writing	normalized from wb1_l3_d1_e7	wb1_l3_d1_e7	other		false	true
wb1_l3	8	wb1_l3_d1	wb1_l3_d1_e8	writing		Type in words what you hear.	breakfast		unknown		none	breakfast		not-applicable:writing	normalized from wb1_l3_d1_e8	wb1_l3_d1_e8	other		false	true
wb1_l3	9	wb1_l3_d1	wb1_l3_d1_e9	writing		Type in words what you hear.	school		unknown		none	school		not-applicable:writing	normalized from wb1_l3_d1_e9	wb1_l3_d1_e9	other		false	true
wb1_l3	10	wb1_l3_d1	wb1_l3_d1_e10	writing		Type in words what you hear.	play		unknown		none	play		not-applicable:writing	normalized from wb1_l3_d1_e10	wb1_l3_d1_e10	other		false	true
wb1_l3	11	wb1_l3_d1	wb1_l3_d1_e11	identification		Which shows what you do at school?	study	fa-blackboard	unknown	sleep | study | cook | watch TV	unknown	study		not-applicable:identification	normalized from wb1_l3_d1_e11	wb1_l3_d1_e11	other		true	false
wb1_l3	12	wb1_l3_d1	wb1_l3_d1_e12	identification		Which shows what you do in the afternoon?	have lunch	fa-clock	unknown	sleep | wake up | have lunch | take a shower	unknown	have lunch		not-applicable:identification	normalized from wb1_l3_d1_e12	wb1_l3_d1_e12	other		true	false
wb1_l3	13	wb1_l3_d1	wb1_l3_d1_e13	identification		Which shows what you do before bed?	go to bed	fa-moon	unknown	wake up | eat | go to bed | study	unknown	go to bed		not-applicable:identification	normalized from wb1_l3_d1_e13	wb1_l3_d1_e13	other		true	false
wb1_l3	14	wb1_l3_d1	wb1_l3_d1_e14	speaking		Listen and repeat exactly as you hear.	wake up		unknown		none	wake up		not-applicable:speaking	normalized from wb1_l3_d1_e14	wb1_l3_d1_e14	other		false	true
wb1_l3	15	wb1_l3_d1	wb1_l3_d1_e15	speaking		Listen and repeat exactly as you hear.	take a shower		unknown		none	take a shower		not-applicable:speaking	normalized from wb1_l3_d1_e15	wb1_l3_d1_e15	alphabet		false	true
wb1_l3	16	wb1_l3_d2	wb1_l3_d2_e1	identification		Listen: Daniel wakes up at 7 AM. It is ___ AM.	Daniel wakes up at seven o'clock.		unknown	6 | 7 | 8 | 9	digits	7	7	not-applicable:identification	normalized from wb1_l3_d2_e1	wb1_l3_d2_e1	alphabet		true	false
wb1_l3	17	wb1_l3_d2	wb1_l3_d2_e2	identification		Listen: Sarah takes a shower. She takes a ___.	Sarah takes a shower after waking up.		unknown	walk | shower | eat | study	unknown	shower		not-applicable:identification	normalized from wb1_l3_d2_e2	wb1_l3_d2_e2	alphabet		true	false
wb1_l3	18	wb1_l3_d2	wb1_l3_d2_e3	identification		Listen: Tom eats breakfast at 7:30. It is ___ thirty.	Tom eats breakfast at seven thirty.		unknown	7 | 7:30 | 8 | 8:30	mixed	7:30		not-applicable:identification	normalized from wb1_l3_d2_e3	wb1_l3_d2_e3	numbers		true	false
wb1_l3	19	wb1_l3_d2	wb1_l3_d2_e4	identification		Listen: Lisa gets ready for school at 8 AM. What does she do at 8?	Lisa gets ready for school at 8 o'clock.		unknown	wake up | eat | get ready for school | take a shower	unknown	get ready for school		not-applicable:identification	normalized from wb1_l3_d2_e4	wb1_l3_d2_e4	alphabet		true	false
wb1_l3	20	wb1_l3_d2	wb1_l3_d2_e5	identification		Listen: Mark walks to school. How does he go to school?	Mark walks to school every day.		unknown	by car | by bus | by bike | walks	unknown	walks		not-applicable:identification	normalized from wb1_l3_d2_e5	wb1_l3_d2_e5	other		true	false
wb1_l3	21	wb1_l3_d2	wb1_l3_d2_e6	identification		Listen: Emma studies at school from 9 AM to 3 PM. How long does she study?	Emma studies at school from 9 o'clock to 3 o'clock.		unknown	5 hours | 6 hours | 4 hours | 8 hours	mixed	6 hours		not-applicable:identification	normalized from wb1_l3_d2_e6	wb1_l3_d2_e6	alphabet		true	false
wb1_l3	22	wb1_l3_d2	wb1_l3_d2_e7	identification		Listen: Daniel has lunch at 12 PM. When does he have lunch?	Daniel has lunch at 12 o'clock noon.		unknown	11 AM | 12 PM | 1 PM | 2 PM	mixed	12 PM		not-applicable:identification	normalized from wb1_l3_d2_e7	wb1_l3_d2_e7	alphabet		true	false
wb1_l3	23	wb1_l3_d2	wb1_l3_d2_e8	identification		Listen: Sarah plays after school. When does she play?	Sarah plays after school at 4 o'clock.		unknown	morning | lunch time | after school | evening	unknown	after school		not-applicable:identification	normalized from wb1_l3_d2_e8	wb1_l3_d2_e8	alphabet		true	false
wb1_l3	24	wb1_l3_d2	wb1_l3_d2_e9	identification		Listen: Tom does his homework at 5 PM. When does he do homework?	Tom does his homework at 5 o'clock in the afternoon.		unknown	morning | 12 noon | 3 PM | 5 PM	mixed	5 PM		not-applicable:identification	normalized from wb1_l3_d2_e9	wb1_l3_d2_e9	alphabet		true	false
wb1_l3	25	wb1_l3_d2	wb1_l3_d2_e10	identification		Listen: Lisa has dinner at 6:30 PM. When is dinner?	Lisa has dinner at 6 thirty PM.		unknown	5 PM | 6 PM | 6:30 PM | 7 PM	mixed	6:30 PM		not-applicable:identification	normalized from wb1_l3_d2_e10	wb1_l3_d2_e10	other		true	false
wb1_l3	26	wb1_l3_d2	wb1_l3_d2_e11	identification		Listen: Mark watches television at 7 PM. What does he do?	Mark watches television at 7 o'clock in the evening.		unknown	study | play | watch television | eat	unknown	watch television		not-applicable:identification	normalized from wb1_l3_d2_e11	wb1_l3_d2_e11	alphabet		true	false
wb1_l3	27	wb1_l3_d2	wb1_l3_d2_e12	identification		Listen: Emma brushes her teeth before bed. What does she do?	Emma brushes her teeth before going to bed.		unknown	eat | study | brush teeth | play	unknown	brush teeth		not-applicable:identification	normalized from wb1_l3_d2_e12	wb1_l3_d2_e12	other		true	false
wb1_l3	28	wb1_l3_d2	wb1_l3_d2_e13	identification		Listen: Daniel goes to bed at 9 PM. When does he go to bed?	Daniel goes to bed at 9 o'clock at night.		unknown	8 PM | 9 PM | 10 PM | 11 PM	mixed	9 PM		not-applicable:identification	normalized from wb1_l3_d2_e13	wb1_l3_d2_e13	alphabet		true	false
wb1_l3	29	wb1_l3_d2	wb1_l3_d2_e14	speaking		Listen and repeat exactly as you hear.	Sarah takes a shower after waking up.		unknown		none	Sarah takes a shower after waking up.		not-applicable:speaking	normalized from wb1_l3_d2_e14	wb1_l3_d2_e14	alphabet		false	true
wb1_l3	30	wb1_l3_d2	wb1_l3_d2_e15	speaking		Listen and repeat exactly as you hear.	Tom eats breakfast at 7 thirty.		unknown		none	Tom eats breakfast at 7 thirty.		not-applicable:speaking	normalized from wb1_l3_d2_e15	wb1_l3_d2_e15	other		false	true
wb1_l3	31	wb1_l3_d3	wb1_l3_d3_e1	identification		Listen and pick the correct answer.	wake up		unknown	sleep | wake up | eat | walk	unknown	wake up		not-applicable:identification	normalized from wb1_l3_d3_e1	wb1_l3_d3_e1	other		true	false
wb1_l3	32	wb1_l3_d3	wb1_l3_d3_e2	identification		Listen and pick the correct answer.	7 AM		unknown	6 | 7 | 8 | 9	digits	7	7	not-applicable:identification	normalized from wb1_l3_d3_e2	wb1_l3_d3_e2	other		true	false
wb1_l3	33	wb1_l3_d3	wb1_l3_d3_e3	identification		Listen and pick the correct answer.	take a shower		unknown	walk | eat | shower | sleep	unknown	shower		not-applicable:identification	normalized from wb1_l3_d3_e3	wb1_l3_d3_e3	alphabet		false	true
wb1_l3	34	wb1_l3_d3	wb1_l3_d3_e4	identification		Listen and pick the correct answer.	Tom eats breakfast at 7 thirty.		unknown	7:00 | 7:30 | 8:00 | 8:30	unknown	7:30		not-applicable:identification	normalized from wb1_l3_d3_e4	wb1_l3_d3_e4	other		false	true
wb1_l3	35	wb1_l3_d3	wb1_l3_d3_e5	identification		Listen and pick the correct answer.	study		unknown	play | study | walk | eat	unknown	study		not-applicable:identification	normalized from wb1_l3_d3_e5	wb1_l3_d3_e5	other		false	true
wb1_l3	36	wb1_l3_d3	wb1_l3_d3_e6	identification		Listen and pick the correct answer.	School starts at 9 AM.		unknown	7 AM | 9 AM | 3 PM | 9 PM	mixed	9 AM		not-applicable:identification	normalized from wb1_l3_d3_e6	wb1_l3_d3_e6	other		false	true
wb1_l3	37	wb1_l3_d3	wb1_l3_d3_e7	identification		Listen and pick the correct answer.	Daniel has lunch at 12 PM.		unknown	7 AM | 8 AM | 12 PM | 6 PM	mixed	12 PM		not-applicable:identification	normalized from wb1_l3_d3_e7	wb1_l3_d3_e7	other		false	true
wb1_l3	38	wb1_l3_d3	wb1_l3_d3_e8	identification		Listen and pick the correct answer.	homework		unknown	play | homework | watch TV | sleep	unknown	homework		not-applicable:identification	normalized from wb1_l3_d3_e8	wb1_l3_d3_e8	other		false	true
wb1_l3	39	wb1_l3_d3	wb1_l3_d3_e9	identification		Listen and pick the correct answer.	Lisa has dinner at 6 thirty PM.		unknown	12 PM | 3 PM | 6:30 PM | 9 PM	mixed	6:30 PM		not-applicable:identification	normalized from wb1_l3_d3_e9	wb1_l3_d3_e9	other		false	true
wb1_l3	40	wb1_l3_d3	wb1_l3_d3_e10	identification		Listen and pick the correct answer.	television		unknown	study | watch TV | eat | walk	unknown	watch TV		not-applicable:identification	normalized from wb1_l3_d3_e10	wb1_l3_d3_e10	other		true	false
wb1_l3	41	wb1_l3_d3	wb1_l3_d3_e11	identification		Listen and pick the correct answer.	Daniel goes to bed at 9 PM.		unknown	7 AM | 9 PM | 12 PM | 3 PM	mixed	9 PM		not-applicable:identification	normalized from wb1_l3_d3_e11	wb1_l3_d3_e11	other		false	true
wb1_l3	42	wb1_l3_d3	wb1_l3_d3_e12	identification		Listen and pick the correct answer.	walk to school		unknown	car | bus | walk | bike	unknown	walk		not-applicable:identification	normalized from wb1_l3_d3_e12	wb1_l3_d3_e12	other		false	true
wb1_l3	43	wb1_l3_d3	wb1_l3_d3_e13	identification		What does Daniel do in the morning?	wake up	fa-bed	unknown	sleep | wake up | eat | walk	unknown	wake up		not-applicable:identification	normalized from wb1_l3_d1_e1	wb1_l3_d1_e1	other		true	false
wb1_l3	44	wb1_l3_d3	wb1_l3_d3_e14	identification		What does Sarah do before breakfast?	take a shower	fa-shower	unknown	take a shower | cook | eat | drink	unknown	take a shower		not-applicable:identification	normalized from wb1_l3_d1_e2	wb1_l3_d1_e2	alphabet		true	false
wb1_l3	45	wb1_l3_d3	wb1_l3_d3_e15	identification		What does Tom do with his breakfast?	eat breakfast	fa-utensils	unknown	drink milk | eat breakfast | walk to school | play games	unknown	eat breakfast		not-applicable:identification	normalized from wb1_l3_d1_e3	wb1_l3_d1_e3	other		true	false
wb1_l3	46	wb1_l3_d4	wb1_l3_d4_e1	multiple-choice		Are they the same or different? "thirty" vs "thirteen"	thirty thirteen		unknown	same | different	unknown	different		not-applicable:multiple-choice	normalized from wb1_l3_d4_e1	wb1_l3_d4_e1	numbers		true	false
wb1_l3	47	wb1_l3_d4	wb1_l3_d4_e2	multiple-choice		Are they the same or different? "fifty" vs "fifteen"	fifty fifteen		unknown	same | different	unknown	different		not-applicable:multiple-choice	normalized from wb1_l3_d4_e2	wb1_l3_d4_e2	numbers		false	true
wb1_l3	48	wb1_l3_d4	wb1_l3_d4_e3	multiple-choice		Are they the same or different? "nine" vs "ninety"	nine ninety		unknown	same | different	unknown	different		not-applicable:multiple-choice	normalized from wb1_l3_d4_e3	wb1_l3_d4_e3	numbers		false	true
wb1_l3	49	wb1_l3_d4	wb1_l3_d4_e4	multiple-choice		Are they the same or different? "walk" vs "talk"	walk talk		unknown	same | different	unknown	different		not-applicable:multiple-choice	normalized from wb1_l3_d4_e4	wb1_l3_d4_e4	other		false	true
wb1_l3	50	wb1_l3_d4	wb1_l3_d4_e5	multiple-choice		Are they the same or different? "ship" vs "sheep"	ship sheep		unknown	same | different	unknown	different		not-applicable:multiple-choice	normalized from wb1_l3_d4_e5	wb1_l3_d4_e5	other		false	true
wb1_l3	51	wb1_l3_d4	wb1_l3_d4_e6	multiple-choice		Are they the same or different? "wake" vs "wake"	wake wake		unknown	same | different	unknown	same		not-applicable:multiple-choice	normalized from wb1_l3_d4_e6	wb1_l3_d4_e6	other		false	true
wb1_l3	52	wb1_l3_d4	wb1_l3_d4_e7	multiple-choice		Are they the same or different? "shower" vs "shower"	shower shower		unknown	same | different	unknown	same		not-applicable:multiple-choice	normalized from wb1_l3_d4_e7	wb1_l3_d4_e7	other		false	true
wb1_l3	53	wb1_l3_d4	wb1_l3_d4_e8	multiple-choice		Are they the same or different? "study" vs "study"	study study		unknown	same | different	unknown	same		not-applicable:multiple-choice	normalized from wb1_l3_d4_e8	wb1_l3_d4_e8	other		false	true
wb1_l3	54	wb1_l3_d4	wb1_l3_d4_e9	multiple-choice		Are they the same or different? "homework" vs "homework"	homework homework		unknown	same | different	unknown	same		not-applicable:multiple-choice	normalized from wb1_l3_d4_e9	wb1_l3_d4_e9	other		false	true
wb1_l3	55	wb1_l3_d4	wb1_l3_d4_e10	multiple-choice		Are they the same or different? "bed" vs "bed"	bed bed		unknown	same | different	unknown	same		not-applicable:multiple-choice	normalized from wb1_l3_d4_e10	wb1_l3_d4_e10	other		false	true
wb1_l3	56	wb1_l3_d5	wb1_l3_d5_e1	multiple-choice		Read paragraph 1. Daniel wakes up at 7:00 AM. What time does he wake up?	Daniel wakes up at 7 AM.	Daniel wakes up at 7:00 AM.	mixed	6 AM | 7 AM | 8 AM | 9 AM	mixed	7 AM		not-applicable:multiple-choice	normalized from wb1_l3_d5_e1	wb1_l3_d5_e1	other		true	false
wb1_l3	57	wb1_l3_d5	wb1_l3_d5_e2	multiple-choice		Read: He takes a shower and gets dressed. What does he do after waking up?	He takes a shower and gets dressed.	He takes a shower and gets dressed.	unknown	eat | sleep | take a shower | study	unknown	take a shower		not-applicable:multiple-choice	normalized from wb1_l3_d5_e2	wb1_l3_d5_e2	alphabet		false	true
wb1_l3	58	wb1_l3_d5	wb1_l3_d5_e3	multiple-choice		Read: He eats breakfast at 7:30. When is breakfast?	breakfast at 7 thirty	He eats breakfast at 7:30.	mixed	7:00 | 7:30 | 8:00 | 8:30	unknown	7:30		not-applicable:multiple-choice	normalized from wb1_l3_d5_e3	wb1_l3_d5_e3	other		false	true
wb1_l3	59	wb1_l3_d5	wb1_l3_d5_e4	multiple-choice		Read: He walks to school at 8:00. How does he go to school?	walks to school	He walks to school at 8:00.	mixed	by car | by bus | walks | by train	unknown	walks		not-applicable:multiple-choice	normalized from wb1_l3_d5_e4	wb1_l3_d5_e4	other		false	true
wb1_l3	60	wb1_l3_d5	wb1_l3_d5_e5	multiple-choice		Read paragraph 2. At school, Daniel studies English and Math. What classes does he have?	English and Math	At school, Daniel studies English and Math.	unknown	Science | PE | English and Math | History	unknown	English and Math		not-applicable:multiple-choice	normalized from wb1_l3_d5_e5	wb1_l3_d5_e5	other		true	false
wb1_l3	61	wb1_l3_d5	wb1_l3_d5_e6	writing		Read and write: Daniel has lunch at 12:00. When does he have lunch? Type the time.	lunch		unknown		none	12	12	not-applicable:writing	normalized from wb1_l3_d5_e6	wb1_l3_d5_e6	other		false	true
wb1_l3	62	wb1_l3_d5	wb1_l3_d5_e7	writing		Read and write: After school, Daniel plays football. What does he play? Type the sport.	football		unknown		none	football		not-applicable:writing	normalized from wb1_l3_d5_e7	wb1_l3_d5_e7	other		false	true
wb1_l3	63	wb1_l3_d5	wb1_l3_d5_e8	multiple-choice		Read paragraph 3. Sarah does her homework at 5:00 PM. When does she do homework?	homework at 5 PM	Sarah does her homework at 5:00 PM.	mixed	4 PM | 5 PM | 6 PM | 7 PM	mixed	5 PM		not-applicable:multiple-choice	normalized from wb1_l3_d5_e8	wb1_l3_d5_e8	other		true	false
wb1_l3	64	wb1_l3_d5	wb1_l3_d5_e9	multiple-choice		Read: She watches television at 7:00 PM. What does Sarah do at 7 PM?	watches television	She watches television at 7:00 PM.	mixed	study | play | watch television | cook	unknown	watch television		not-applicable:multiple-choice	normalized from wb1_l3_d5_e9	wb1_l3_d5_e9	other		false	true
wb1_l3	65	wb1_l3_d5	wb1_l3_d5_e10	multiple-choice		Read: She has dinner at 6:30 PM. When is dinner for Sarah?	dinner at 6 thirty PM	She has dinner at 6:30 PM.	mixed	6:00 | 6:30 | 7:00 | 7:30	unknown	6:30		not-applicable:multiple-choice	normalized from wb1_l3_d5_e10	wb1_l3_d5_e10	other		false	true
wb1_l3	66	wb1_l3_d5	wb1_l3_d5_e11	writing		Read and write: Tom brushes his teeth before bed. What does Tom do before bed? Type one action.	brushes teeth		unknown		none	brush		not-applicable:writing	normalized from wb1_l3_d5_e11	wb1_l3_d5_e11	numbers		false	true
wb1_l3	67	wb1_l3_d5	wb1_l3_d5_e12	multiple-choice		Read paragraph 4. Mark goes to bed at 9:00 PM. When does he sleep?	bed at 9 PM	Mark goes to bed at 9:00 PM.	mixed	8 PM | 9 PM | 10 PM | 11 PM	mixed	9 PM		not-applicable:multiple-choice	normalized from wb1_l3_d5_e12	wb1_l3_d5_e12	other		false	true
wb1_l3	68	wb1_l3_d5	wb1_l3_d5_e13	identification		Read: Daniel has a very busy day! Is his day busy?	busy day	Daniel has a very busy day!	unknown	lazy | busy | fun | short	unknown	busy		not-applicable:identification	normalized from wb1_l3_d5_e13	wb1_l3_d5_e13	alphabet		false	true
wb1_l3	69	wb1_l3_d5	wb1_l3_d5_e14	speaking		Listen and repeat exactly as you hear.	Daniel wakes up at 7 o clock and takes a shower.		unknown		none	Daniel wakes up at 7 o clock and takes a shower.		not-applicable:speaking	normalized from wb1_l3_d5_e14	wb1_l3_d5_e14	alphabet		false	true
wb1_l3	70	wb1_l3_d5	wb1_l3_d5_e15	speaking		Listen and repeat exactly as you hear.	Sarah does homework and watches television.		unknown		none	Sarah does homework and watches television.		not-applicable:speaking	normalized from wb1_l3_d5_e15	wb1_l3_d5_e15	other		false	true
wb1_l3	71	wb1_l3_d6	wb1_l3_d6_e1	speaking		Listen and answer: What time does Daniel wake up?	What time does Daniel wake up?	Question: When does Daniel wake up?	unknown		none	seven o clock		not-applicable:speaking	normalized from wb1_l3_d6_e1	wb1_l3_d6_e1	alphabet		false	true
wb1_l3	72	wb1_l3_d6	wb1_l3_d6_e2	speaking		Listen and answer: What does Daniel do after waking up?	What does Daniel do after waking up?	Question: What activity after waking up?	unknown		none	take a shower		not-applicable:speaking	normalized from wb1_l3_d6_e2	wb1_l3_d6_e2	alphabet		false	true
wb1_l3	73	wb1_l3_d6	wb1_l3_d6_e3	speaking		Listen and answer: When does Daniel eat breakfast?	When does Daniel eat breakfast?	Question: Breakfast time?	unknown		none	seven thirty		not-applicable:speaking	normalized from wb1_l3_d6_e3	wb1_l3_d6_e3	numbers		false	true
wb1_l3	74	wb1_l3_d6	wb1_l3_d6_e4	speaking		Listen and answer: How does Daniel go to school?	How does Daniel go to school?	Question: Transport to school?	unknown		none	walk		not-applicable:speaking	normalized from wb1_l3_d6_e4	wb1_l3_d6_e4	other		false	true
wb1_l3	75	wb1_l3_d6	wb1_l3_d6_e5	speaking		Listen and answer: What time does Daniel have lunch?	What time does Daniel have lunch?	Question: Lunch time?	unknown		none	twelve o clock		not-applicable:speaking	normalized from wb1_l3_d6_e5	wb1_l3_d6_e5	alphabet		false	true
wb1_l3	76	wb1_l3_d6	wb1_l3_d6_e6	speaking		Listen and answer: What does Sarah do at 5 PM?	What does Sarah do at 5 PM?	Question: Sarah's activity at 5 PM?	mixed		none	do homework		not-applicable:speaking	normalized from wb1_l3_d6_e6	wb1_l3_d6_e6	alphabet		false	true
wb1_l3	77	wb1_l3_d6	wb1_l3_d6_e7	speaking		Listen and answer: When does Sarah have dinner?	When does Sarah have dinner?	Question: Sarah's dinner time?	unknown		none	six thirty		not-applicable:speaking	normalized from wb1_l3_d6_e7	wb1_l3_d6_e7	alphabet		false	true
wb1_l3	78	wb1_l3_d6	wb1_l3_d6_e8	speaking		Listen and answer: What does Sarah watch in the evening?	What does Sarah watch in the evening?	Question: Evening activity?	unknown		none	television		not-applicable:speaking	normalized from wb1_l3_d6_e8	wb1_l3_d6_e8	other		false	true
wb1_l3	79	wb1_l3_d6	wb1_l3_d6_e9	speaking		Listen and answer: When does Tom brush his teeth?	When does Tom brush his teeth?	Question: When brush teeth?	unknown		none	before bed		not-applicable:speaking	normalized from wb1_l3_d6_e9	wb1_l3_d6_e9	other		false	true
wb1_l3	80	wb1_l3_d6	wb1_l3_d6_e10	speaking		Listen and answer: What time does Mark go to bed?	What time does Mark go to bed?	Question: Bedtime?	unknown		none	nine o clock		not-applicable:speaking	normalized from wb1_l3_d6_e10	wb1_l3_d6_e10	alphabet		false	true
wb1_l3	81	wb1_l3_d7	wb1_l3_final_v2_listen_write_1	writing	listening-writing	Listen and write exactly what you hear.	wake up		unknown		none	wake up		not-applicable:writing	normalized from wb1_l3_d1_e1	wb1_l3_d1_e1	other		true	false
wb1_l3	82	wb1_l3_d7	wb1_l3_final_v2_listen_write_2	writing	listening-writing	Listen and write exactly what you hear.	study		unknown		none	study		not-applicable:writing	normalized from wb1_l3_d3_e5	wb1_l3_d3_e5	other		false	true
wb1_l3	83	wb1_l3_d7	wb1_l3_final_v2_listen_write_3	writing	listening-writing	Listen and write exactly what you hear.	Daniel has lunch at 12 o'clock noon.	Name: Daniel	unknown		none	Daniel has lunch at 12 o'clock noon.		not-applicable:writing	normalized from wb1_l3_d2_e7	wb1_l3_d2_e7	alphabet		true	false
wb1_l3	84	wb1_l3_d7	wb1_l3_final_v2_listen_write_4	writing	listening-writing	Listen and write exactly what you hear.	School starts at 9 AM.		unknown		none	School starts at 9 AM.		not-applicable:writing	normalized from wb1_l3_d3_e6	wb1_l3_d3_e6	other		false	true
wb1_l3	85	wb1_l3_d7	wb1_l3_final_v2_listen_write_5	writing	listening-writing	Listen and write exactly what you hear.	walk talk		unknown		none	walk talk		not-applicable:writing	normalized from wb1_l3_d4_e4	wb1_l3_d4_e4	other		false	true
wb1_l3	86	wb1_l3_d7	wb1_l3_final_v2_listen_write_6	writing	listening-writing	Listen and write exactly what you hear.	He takes a shower and gets dressed.		unknown		none	He takes a shower and gets dressed.		not-applicable:writing	normalized from wb1_l3_d5_e2	wb1_l3_d5_e2	alphabet		false	true
wb1_l3	87	wb1_l3_d7	wb1_l3_final_v2_listen_write_7	writing	listening-writing	Listen and write exactly what you hear.	dinner at 6 thirty PM		unknown		none	dinner at 6 thirty PM		not-applicable:writing	normalized from wb1_l3_d5_e10	wb1_l3_d5_e10	other		false	true
wb1_l3	88	wb1_l3_d7	wb1_l3_final_v2_listen_write_8	writing	listening-writing	Listen and write exactly what you hear.	When does Daniel eat breakfast?	Name: Daniel	unknown		none	When does Daniel eat breakfast?		not-applicable:writing	normalized from wb1_l3_d6_e3	wb1_l3_d6_e3	other		false	true
wb1_l3	89	wb1_l3_d7	wb1_l3_final_v2_shadow_1	speaking	shadowing	Listen and repeat exactly what you hear.	wake up		unknown		none	wake up		not-applicable:speaking	normalized from wb1_l3_d1_e1	wb1_l3_d1_e1	other		true	false
wb1_l3	90	wb1_l3_d7	wb1_l3_final_v2_shadow_2	speaking	shadowing	Listen and repeat exactly what you hear.	Lisa gets ready for school at 8 o'clock.		unknown		none	Lisa gets ready for school at 8 o'clock.		not-applicable:speaking	normalized from wb1_l3_d2_e4	wb1_l3_d2_e4	alphabet		true	false
wb1_l3	91	wb1_l3_d7	wb1_l3_final_v2_shadow_3	speaking	shadowing	Listen and repeat exactly what you hear.	Tom eats breakfast at 7 thirty.		unknown		none	Tom eats breakfast at 7 thirty.		not-applicable:speaking	normalized from wb1_l3_d3_e4	wb1_l3_d3_e4	other		false	true
wb1_l3	92	wb1_l3_d7	wb1_l3_final_v2_shadow_4	speaking	shadowing	Listen and repeat exactly what you hear.	wake wake		unknown		none	wake wake		not-applicable:speaking	normalized from wb1_l3_d4_e6	wb1_l3_d4_e6	other		false	true
wb1_l3	93	wb1_l3_d7	wb1_l3_final_v2_shadow_5	speaking	shadowing	Listen and repeat exactly what you hear.	homework at 5 PM		unknown		none	homework at 5 PM		not-applicable:speaking	normalized from wb1_l3_d5_e8	wb1_l3_d5_e8	other		true	false
wb1_l3	94	wb1_l3_d7	wb1_l3_final_v2_shadow_6	speaking	shadowing	Listen and repeat exactly what you hear.	What does Daniel do after waking up?		unknown		none	What does Daniel do after waking up?		not-applicable:speaking	normalized from wb1_l3_d6_e2	wb1_l3_d6_e2	other		false	true
wb1_l3	95	wb1_l3_d7	wb1_l3_final_v2_speak_1	speaking	speaking	Listen and answer aloud in English.	Listen: Lisa gets ready for school at 8 AM. What does she do at 8?		unknown		none	get ready for school		not-applicable:speaking	normalized from wb1_l3_d2_e4	wb1_l3_d2_e4	other		true	false
wb1_l3	96	wb1_l3_d7	wb1_l3_final_v2_speak_2	speaking	speaking	Listen and answer aloud in English.	Listen: Lisa has dinner at 6:30 PM. When is dinner?		unknown		none	6:30 PM		not-applicable:speaking	normalized from wb1_l3_d2_e10	wb1_l3_d2_e10	other		true	false
wb1_l3	97	wb1_l3_d7	wb1_l3_final_v2_speak_3	speaking	speaking	Listen and answer aloud in English.	He takes a shower and gets dressed. What does he do after waking up?		unknown		none	He takes a shower.		not-applicable:speaking	normalized from wb1_l3_d5_e2	wb1_l3_d5_e2	alphabet		false	true
wb1_l3	98	wb1_l3_d7	wb1_l3_final_v2_speak_4	speaking	speaking	Listen and answer aloud in English.	Read: She has dinner at 6:30 PM. When is dinner for Sarah?	She has dinner at 6:30 PM.	mixed		none	6:30		not-applicable:speaking	normalized from wb1_l3_d5_e10	wb1_l3_d5_e10	other		false	true
wb1_l3	99	wb1_l3_d7	wb1_l3_final_v2_speak_5	speaking	speaking	Listen and answer aloud in English.	What does Daniel do after waking up?	Question: What activity after waking up?	unknown		none	take a shower		not-applicable:speaking	normalized from wb1_l3_d6_e2	wb1_l3_d6_e2	alphabet		false	true
wb1_l3	100	wb1_l3_d7	wb1_l3_final_v2_speak_6	speaking	speaking	Listen and answer aloud in English.	What does Sarah do at 5 PM?	Question: Sarah's activity at 5 PM?	mixed		none	do homework		not-applicable:speaking	normalized from wb1_l3_d6_e6	wb1_l3_d6_e6	alphabet		false	true
wb1_l4	1	wb1_l4_d1	wb1_l4_d1_e1	identification		Who is the first one?	Daniel is the first one.		unknown	Daniel | Anna | Lucas | Emily	unknown	Daniel		not-applicable:identification	normalized from wb1_l4_d1_e1	wb1_l4_d1_e1	numbers		true	false
wb1_l4	2	wb1_l4_d1	wb1_l4_d1_e2	identification		Who is second?	Anna is second.		unknown	Emily | Bruno | Anna | Daniel	unknown	Anna		not-applicable:identification	normalized from wb1_l4_d1_e2	wb1_l4_d1_e2	other		true	false
wb1_l4	3	wb1_l4_d1	wb1_l4_d1_e3	identification		Who is third?	Lucas is third.		unknown	Bruno | Lucas | Anna | Emily	unknown	Lucas		not-applicable:identification	normalized from wb1_l4_d1_e3	wb1_l4_d1_e3	other		true	false
wb1_l4	4	wb1_l4_d1	wb1_l4_d1_e4	identification		Who is fourth?	Emily is fourth.		unknown	Emily | Anna | Lucas | Bruno	unknown	Emily		not-applicable:identification	normalized from wb1_l4_d1_e4	wb1_l4_d1_e4	other		true	false
wb1_l4	5	wb1_l4_d1	wb1_l4_d1_e5	identification		Who is fifth?	Bruno is fifth.		unknown	Daniel | Bruno | Anna | Emily	unknown	Bruno		not-applicable:identification	normalized from wb1_l4_d1_e5	wb1_l4_d1_e5	other		true	false
wb1_l4	6	wb1_l4_d1	wb1_l4_d1_e6	identification		Listen and pick the correct answer.	first		unknown	first | second | third | fourth	unknown	first		not-applicable:identification	normalized from wb1_l4_d1_e6	wb1_l4_d1_e6	other		false	true
wb1_l4	7	wb1_l4_d1	wb1_l4_d1_e7	identification		Listen and pick the correct answer.	second		unknown	first | second | fifth | sixth	unknown	second		not-applicable:identification	normalized from wb1_l4_d1_e7	wb1_l4_d1_e7	other		false	true
wb1_l4	8	wb1_l4_d1	wb1_l4_d1_e8	identification		Listen and pick the correct answer.	third		unknown	third | thirteenth | thirty | tenth	mixed	third		not-applicable:identification	normalized from wb1_l4_d1_e8	wb1_l4_d1_e8	other		false	true
wb1_l4	9	wb1_l4_d1	wb1_l4_d1_e9	identification		Listen and pick the correct answer.	fourth		unknown	fourth | fourteen | forty | fifth	mixed	fourth		not-applicable:identification	normalized from wb1_l4_d1_e9	wb1_l4_d1_e9	other		false	true
wb1_l4	10	wb1_l4_d1	wb1_l4_d1_e10	identification		Listen and pick the correct answer.	fifth		unknown	fifteenth | fifth | fifty | first	mixed	fifth		not-applicable:identification	normalized from wb1_l4_d1_e10	wb1_l4_d1_e10	other		false	true
wb1_l4	11	wb1_l4_d1	wb1_l4_d1_e11	writing		Type in words what you hear.	first		unknown		none	first		not-applicable:writing	normalized from wb1_l4_d1_e11	wb1_l4_d1_e11	other		false	true
wb1_l4	12	wb1_l4_d1	wb1_l4_d1_e12	writing		Type in words what you hear.	fourth		unknown		none	fourth		not-applicable:writing	normalized from wb1_l4_d1_e12	wb1_l4_d1_e12	other		false	true
wb1_l4	13	wb1_l4_d1	wb1_l4_d1_e13	speaking		Listen and repeat exactly as you hear.	I am the first one.		unknown		none	i am the first one		not-applicable:speaking	normalized from wb1_l4_d1_e13	wb1_l4_d1_e13	alphabet		false	true
wb1_l4	14	wb1_l4_d1	wb1_l4_d1_e14	speaking		Listen and repeat exactly as you hear.	Anna is second.		unknown		none	anna is second		not-applicable:speaking	normalized from wb1_l4_d1_e14	wb1_l4_d1_e14	other		false	true
wb1_l4	15	wb1_l4_d1	wb1_l4_d1_e15	speaking		Listen and repeat exactly as you hear.	Bruno is fifth.		unknown		none	bruno is fifth		not-applicable:speaking	normalized from wb1_l4_d1_e15	wb1_l4_d1_e15	other		false	true
wb1_l4	16	wb1_l4_d2	wb1_l4_d2_e1	multiple-choice		What ordinal number is this?	fourth	4th	mixed	fourth | four | fourteen | forty	mixed	fourth		not-applicable:multiple-choice	normalized from wb1_l4_d2_e1	wb1_l4_d2_e1	numbers		true	false
wb1_l4	17	wb1_l4_d2	wb1_l4_d2_e2	multiple-choice		What ordinal number is this?	fifth	5th	mixed	five | fifth | fifteen | fifty	mixed	fifth		not-applicable:multiple-choice	normalized from wb1_l4_d2_e2	wb1_l4_d2_e2	numbers		true	false
wb1_l4	18	wb1_l4_d2	wb1_l4_d2_e3	multiple-choice		What ordinal number is this?	sixth	6th	mixed	six | sixteen | sixth | sixty	mixed	sixth		not-applicable:multiple-choice	normalized from wb1_l4_d2_e3	wb1_l4_d2_e3	numbers		true	false
wb1_l4	19	wb1_l4_d2	wb1_l4_d2_e4	multiple-choice		What ordinal number is this?	seventh	7th	mixed	seven | seventh | seventeen | seventy	mixed	seventh		not-applicable:multiple-choice	normalized from wb1_l4_d2_e4	wb1_l4_d2_e4	numbers		true	false
wb1_l4	20	wb1_l4_d2	wb1_l4_d2_e5	multiple-choice		What ordinal number is this?	eighth	8th	mixed	eight | eighth | eighty | eighteen	mixed	eighth		not-applicable:multiple-choice	normalized from wb1_l4_d2_e5	wb1_l4_d2_e5	numbers		true	false
wb1_l4	21	wb1_l4_d2	wb1_l4_d2_e6	multiple-choice		What ordinal number is this?	ninth	9th	mixed	nine | ninety | ninth | nineteen	mixed	ninth		not-applicable:multiple-choice	normalized from wb1_l4_d2_e6	wb1_l4_d2_e6	numbers		true	false
wb1_l4	22	wb1_l4_d2	wb1_l4_d2_e7	multiple-choice		What ordinal number is this?	tenth	10th	mixed	ten | tenth | twelve | twentieth	mixed	tenth		not-applicable:multiple-choice	normalized from wb1_l4_d2_e7	wb1_l4_d2_e7	numbers		true	false
wb1_l4	23	wb1_l4_d2	wb1_l4_d2_e8	multiple-choice		What ordinal number is this?	eleventh	11th	mixed	eleven | eleventh | twelfth | seventh	mixed	eleventh		not-applicable:multiple-choice	normalized from wb1_l4_d2_e8	wb1_l4_d2_e8	numbers		true	false
wb1_l4	24	wb1_l4_d2	wb1_l4_d2_e9	multiple-choice		What ordinal number is this?	twelfth	12th	mixed	twelve | twentieth | twelfth | tenth	mixed	twelfth		not-applicable:multiple-choice	normalized from wb1_l4_d2_e9	wb1_l4_d2_e9	numbers		true	false
wb1_l4	25	wb1_l4_d2	wb1_l4_d2_e10	writing		Type in words what you hear.	fifteenth		unknown		none	fifteenth		not-applicable:writing	normalized from wb1_l4_d2_e10	wb1_l4_d2_e10	numbers		false	true
wb1_l4	26	wb1_l4_d2	wb1_l4_d2_e11	writing		Type in words what you hear.	twentieth		unknown		none	twentieth		not-applicable:writing	normalized from wb1_l4_d2_e11	wb1_l4_d2_e11	other		false	true
wb1_l4	27	wb1_l4_d2	wb1_l4_d2_e12	writing		Type in words what you hear.	thirty-first		unknown		none	thirty-first		not-applicable:writing	normalized from wb1_l4_d2_e12	wb1_l4_d2_e12	other		false	true
wb1_l4	28	wb1_l4_d2	wb1_l4_d2_e13	speaking		Listen and repeat exactly as you hear.	fourth		unknown		none	fourth		not-applicable:speaking	normalized from wb1_l4_d2_e13	wb1_l4_d2_e13	other		false	true
wb1_l4	29	wb1_l4_d2	wb1_l4_d2_e14	speaking		Listen and repeat exactly as you hear.	fifth		unknown		none	fifth		not-applicable:speaking	normalized from wb1_l4_d2_e14	wb1_l4_d2_e14	other		false	true
wb1_l4	30	wb1_l4_d2	wb1_l4_d2_e15	speaking		Listen and repeat exactly as you hear.	twelfth		unknown		none	twelfth		not-applicable:speaking	normalized from wb1_l4_d2_e15	wb1_l4_d2_e15	other		false	true
wb1_l4	31	wb1_l4_d3	wb1_l4_d3_e1	multiple-choice		What do ordinal numbers show?	Ordinal numbers show order.		unknown	order | color | age | size	unknown	order		not-applicable:multiple-choice	normalized from wb1_l4_d3_e1	wb1_l4_d3_e1	numbers		true	false
wb1_l4	32	wb1_l4_d3	wb1_l4_d3_e2	multiple-choice		Why do we use ordinal numbers?	We use them to show position.		unknown	to show position | to show color | to show food | to show weather	unknown	to show position		not-applicable:multiple-choice	normalized from wb1_l4_d3_e2	wb1_l4_d3_e2	numbers		false	true
wb1_l4	33	wb1_l4_d3	wb1_l4_d3_e3	identification		Who is first?	Daniel is first.		unknown	Daniel | Emily | Lucas | Anna	unknown	Daniel		not-applicable:identification	normalized from wb1_l4_d3_e3	wb1_l4_d3_e3	other		false	true
wb1_l4	34	wb1_l4_d3	wb1_l4_d3_e4	identification		Who is second?	Emily is second.		unknown	Bruno | Lais | Emily | Anna	unknown	Emily		not-applicable:identification	normalized from wb1_l4_d3_e4	wb1_l4_d3_e4	other		false	true
wb1_l4	35	wb1_l4_d3	wb1_l4_d3_e5	identification		Who is third?	Lucas is third.		unknown	Lucas | Daniel | Anna | Bruno	unknown	Lucas		not-applicable:identification	normalized from wb1_l4_d3_e5	wb1_l4_d3_e5	other		false	true
wb1_l4	36	wb1_l4_d3	wb1_l4_d3_e6	identification		Who is fourth?	Anna is fourth.		unknown	Lais | Anna | Emily | Daniel	unknown	Anna		not-applicable:identification	normalized from wb1_l4_d3_e6	wb1_l4_d3_e6	other		false	true
wb1_l4	37	wb1_l4_d3	wb1_l4_d3_e7	identification		Who is fifth?	Bruno is fifth.		unknown	Emily | Lucas | Bruno | Lais	unknown	Bruno		not-applicable:identification	normalized from wb1_l4_d3_e7	wb1_l4_d3_e7	other		false	true
wb1_l4	38	wb1_l4_d3	wb1_l4_d3_e8	identification		Who is sixth?	Lais is sixth.		unknown	Anna | Lais | Bruno | Daniel	unknown	Lais		not-applicable:identification	normalized from wb1_l4_d3_e8	wb1_l4_d3_e8	other		false	true
wb1_l4	39	wb1_l4_d3	wb1_l4_d3_e9	multiple-choice		We also use ordinal numbers for ___.	We also use ordinal numbers for dates.		unknown	dates | colors | animals | sports	unknown	dates		not-applicable:multiple-choice	normalized from wb1_l4_d3_e9	wb1_l4_d3_e9	numbers		false	true
wb1_l4	40	wb1_l4_d3	wb1_l4_d3_e10	multiple-choice		What holiday is on the Fourth of July?	The Fourth of July is Independence Day.		unknown	Christmas | Thanksgiving | Independence Day | New Year	unknown	Independence Day		not-applicable:multiple-choice	normalized from wb1_l4_d3_e10	wb1_l4_d3_e10	other		false	true
wb1_l4	41	wb1_l4_d3	wb1_l4_d3_e11	speaking		Listen and repeat exactly as you hear.	Ordinal numbers show order.		unknown		none	ordinal numbers show order		not-applicable:speaking	normalized from wb1_l4_d3_e11	wb1_l4_d3_e11	numbers		false	true
wb1_l4	42	wb1_l4_d3	wb1_l4_d3_e12	speaking		Listen and repeat exactly as you hear.	The Fourth of July is Independence Day.		unknown		none	the fourth of july is independence day		not-applicable:speaking	normalized from wb1_l4_d3_e12	wb1_l4_d3_e12	other		false	true
wb1_l4	43	wb1_l4_d3	wb1_l4_d3_e13	identification		Who is the first one?	Daniel is the first one.		unknown	Daniel | Anna | Lucas | Emily	unknown	Daniel		not-applicable:identification	normalized from wb1_l4_d1_e1	wb1_l4_d1_e1	numbers		true	false
wb1_l4	44	wb1_l4_d3	wb1_l4_d3_e14	identification		Who is second?	Anna is second.		unknown	Emily | Bruno | Anna | Daniel	unknown	Anna		not-applicable:identification	normalized from wb1_l4_d1_e2	wb1_l4_d1_e2	other		true	false
wb1_l4	45	wb1_l4_d3	wb1_l4_d3_e15	identification		Who is third?	Lucas is third.		unknown	Bruno | Lucas | Anna | Emily	unknown	Lucas		not-applicable:identification	normalized from wb1_l4_d1_e3	wb1_l4_d1_e3	other		true	false
wb1_l4	46	wb1_l4_d4	wb1_l4_d4_e1	multiple-choice		When is Bruno's birthday?	My birthday is March tenth.		unknown	March tenth | March third | May tenth | June fifteenth	unknown	March tenth		not-applicable:multiple-choice	normalized from wb1_l4_d4_e1	wb1_l4_d4_e1	alphabet		true	false
wb1_l4	47	wb1_l4_d4	wb1_l4_d4_e2	multiple-choice		When is Lucas's birthday?	My birthday is May third.		unknown	May third | May thirtieth | March third | April seventh	unknown	May third		not-applicable:multiple-choice	normalized from wb1_l4_d4_e2	wb1_l4_d4_e2	alphabet		false	true
wb1_l4	48	wb1_l4_d4	wb1_l4_d4_e3	multiple-choice		When is Anna's birthday?	Mine is September first.		unknown	September first | September fourth | January first | April first	unknown	September first		not-applicable:multiple-choice	normalized from wb1_l4_d4_e3	wb1_l4_d4_e3	alphabet		false	true
wb1_l4	49	wb1_l4_d4	wb1_l4_d4_e4	multiple-choice		When is Daniel's birthday?	My birthday is January twenty-first.		unknown	January twentieth | January twenty-first | June twenty-first | July fourth	unknown	January twenty-first		not-applicable:multiple-choice	normalized from wb1_l4_d4_e4	wb1_l4_d4_e4	alphabet		false	true
wb1_l4	50	wb1_l4_d4	wb1_l4_d4_e5	multiple-choice		When is Lais's birthday?	My birthday is April seventh.		unknown	April seventeenth | April seventh | August seventh | May seventh	unknown	April seventh		not-applicable:multiple-choice	normalized from wb1_l4_d4_e5	wb1_l4_d4_e5	alphabet		false	true
wb1_l4	51	wb1_l4_d4	wb1_l4_d4_e6	multiple-choice		When is Emily's birthday?	My birthday is July fourth.		unknown	July fourth | July fourteenth | June fourth | July first	unknown	July fourth		not-applicable:multiple-choice	normalized from wb1_l4_d4_e6	wb1_l4_d4_e6	alphabet		false	true
wb1_l4	52	wb1_l4_d4	wb1_l4_d4_e7	multiple-choice		What holiday is on July fourth?	That is Independence Day in the USA.		unknown	Thanksgiving | Halloween | Independence Day | Easter	unknown	Independence Day		not-applicable:multiple-choice	normalized from wb1_l4_d4_e7	wb1_l4_d4_e7	other		false	true
wb1_l4	53	wb1_l4_d4	wb1_l4_d4_e8	multiple-choice		When is Thanksgiving?	Thanksgiving is on the fourth Thursday of November.		unknown	the first Monday of May | the fourth Thursday of November | the second Tuesday of June | the third Friday of December	unknown	the fourth Thursday of November		not-applicable:multiple-choice	normalized from wb1_l4_d4_e8	wb1_l4_d4_e8	other		false	true
wb1_l4	54	wb1_l4_d4	wb1_l4_d4_e9	multiple-choice		When is the party?	I have a party on June fifteenth.		unknown	June fifth | June fifteenth | July fifteenth | June thirtieth	unknown	June fifteenth		not-applicable:multiple-choice	normalized from wb1_l4_d4_e9	wb1_l4_d4_e9	alphabet		false	true
wb1_l4	55	wb1_l4_d4	wb1_l4_d4_e10	multiple-choice		What is the address?	It is at 21 First Street.		unknown	12 First Street | 21 First Street | 31 Third Street | 41 Fourth Street	mixed	21 First Street		not-applicable:multiple-choice	normalized from wb1_l4_d4_e10	wb1_l4_d4_e10	other		false	true
wb1_l4	56	wb1_l4_d5	wb1_l4_d5_e1	speaking		Who is first in line?	Who is first in line?	Who is first in line?	unknown		none	anna		not-applicable:speaking	normalized from wb1_l4_d5_e1	wb1_l4_d5_e1	other		false	true
wb1_l4	57	wb1_l4_d5	wb1_l4_d5_e2	speaking		Who is second?	Who is second?	Who is second?	unknown		none	lucas		not-applicable:speaking	normalized from wb1_l4_d5_e2	wb1_l4_d5_e2	other		false	true
wb1_l4	58	wb1_l4_d5	wb1_l4_d5_e3	speaking		Who is third?	Who is third?	Who is third?	unknown		none	daniel		not-applicable:speaking	normalized from wb1_l4_d5_e3	wb1_l4_d5_e3	other		false	true
wb1_l4	59	wb1_l4_d5	wb1_l4_d5_e4	speaking		Who is fourth?	Who is fourth?	Who is fourth?	unknown		none	emily		not-applicable:speaking	normalized from wb1_l4_d5_e4	wb1_l4_d5_e4	other		false	true
wb1_l4	60	wb1_l4_d5	wb1_l4_d5_e5	speaking		Listen and answer: What do ordinal numbers show?	What do ordinal numbers show?	Question: What do ordinal numbers show?	unknown		none	order		not-applicable:speaking	normalized from wb1_l4_d5_e5	wb1_l4_d5_e5	numbers		false	true
wb1_l4	61	wb1_l4_d5	wb1_l4_d5_e6	speaking		Listen and answer: Does fourth have the TH sound?	Does fourth have the TH sound?	Question: Does fourth have the TH sound?	unknown		none	yes		not-applicable:speaking	normalized from wb1_l4_d5_e6	wb1_l4_d5_e6	other		false	true
wb1_l4	62	wb1_l4_d5	wb1_l4_d5_e7	speaking		Listen and answer: Does second have the TH sound?	Does second have the TH sound?	Question: Does second have the TH sound?	unknown		none	no		not-applicable:speaking	normalized from wb1_l4_d5_e7	wb1_l4_d5_e7	other		false	true
wb1_l4	63	wb1_l4_d5	wb1_l4_d5_e8	speaking		Listen and answer: What is the first letter of the alphabet?	What is the first letter of the alphabet?	Question: First letter?	unknown		none	a		not-applicable:speaking	normalized from wb1_l4_d5_e8	wb1_l4_d5_e8	alphabet		false	true
wb1_l4	64	wb1_l4_d5	wb1_l4_d5_e9	speaking		Listen and answer: What is the second letter of the alphabet?	What is the second letter?	Question: Second letter?	unknown		none	b		not-applicable:speaking	normalized from wb1_l4_d5_e9	wb1_l4_d5_e9	alphabet		false	true
wb1_l4	65	wb1_l4_d5	wb1_l4_d5_e10	speaking		Listen and answer: What is the third letter of the alphabet?	What is the third letter?	Question: Third letter?	unknown		none	c		not-applicable:speaking	normalized from wb1_l4_d5_e10	wb1_l4_d5_e10	alphabet		false	true
wb1_l4	66	wb1_l4_d5	wb1_l4_d5_e11	speaking		Listen and answer: What is the fourth number?	What is the fourth number?	Question: Fourth number?	unknown		none	four	4	not-applicable:speaking	normalized from wb1_l4_d5_e11	wb1_l4_d5_e11	numbers		false	true
wb1_l4	67	wb1_l4_d5	wb1_l4_d5_e12	speaking		Listen and repeat exactly as you hear.	My birthday is on March tenth.		unknown		none	my birthday is on march tenth		not-applicable:speaking	normalized from wb1_l4_d5_e12	wb1_l4_d5_e12	other		false	true
wb1_l4	68	wb1_l4_d5	wb1_l4_d5_e13	multiple-choice		Who came first?	Joe was first.	Choosing Team	unknown	Joe | Tom | John | Bob	unknown	Joe		not-applicable:multiple-choice	normalized from wb1_l4_d6_e1	wb1_l4_d6_e1	other		true	false
wb1_l4	69	wb1_l4_d5	wb1_l4_d5_e14	multiple-choice		Who was second?	Tom was second.	Choosing Team	unknown	Bob | Tom | Sam | Greg	unknown	Tom		not-applicable:multiple-choice	normalized from wb1_l4_d6_e2	wb1_l4_d6_e2	other		false	true
wb1_l4	70	wb1_l4_d5	wb1_l4_d5_e15	multiple-choice		Who was third?	John was third.	Choosing Team	unknown	John | Joe | Charlie | JD	unknown	John		not-applicable:multiple-choice	normalized from wb1_l4_d6_e3	wb1_l4_d6_e3	other		false	true
wb1_l4	71	wb1_l4_d6	wb1_l4_d6_e1	multiple-choice		Who came first?	Joe was first.	Choosing Team	unknown	Joe | Tom | John | Bob	unknown	Joe		not-applicable:multiple-choice	normalized from wb1_l4_d6_e1	wb1_l4_d6_e1	other		true	false
wb1_l4	72	wb1_l4_d6	wb1_l4_d6_e2	multiple-choice		Who was second?	Tom was second.	Choosing Team	unknown	Bob | Tom | Sam | Greg	unknown	Tom		not-applicable:multiple-choice	normalized from wb1_l4_d6_e2	wb1_l4_d6_e2	other		false	true
wb1_l4	73	wb1_l4_d6	wb1_l4_d6_e3	multiple-choice		Who was third?	John was third.	Choosing Team	unknown	John | Joe | Charlie | JD	unknown	John		not-applicable:multiple-choice	normalized from wb1_l4_d6_e3	wb1_l4_d6_e3	other		false	true
wb1_l4	74	wb1_l4_d6	wb1_l4_d6_e4	multiple-choice		Who is fifth?	Sam is fifth.	Choosing Team	unknown	Sam | Bob | Greg | Peter	unknown	Sam		not-applicable:multiple-choice	normalized from wb1_l4_d6_e4	wb1_l4_d6_e4	other		false	true
wb1_l4	75	wb1_l4_d6	wb1_l4_d6_e5	multiple-choice		Who was tenth?	Fernando was tenth.	Choosing Team	unknown	Charlie | Greg | Fernando | Samuel	unknown	Fernando		not-applicable:multiple-choice	normalized from wb1_l4_d6_e5	wb1_l4_d6_e5	other		false	true
wb1_l4	76	wb1_l4_d6	wb1_l4_d6_e6	multiple-choice		Who was eleventh?	JD was eleventh.	Choosing Team	unknown	JD | Eder | Benjamin | Anderson	unknown	JD		not-applicable:multiple-choice	normalized from wb1_l4_d6_e6	wb1_l4_d6_e6	numbers		false	true
wb1_l4	77	wb1_l4_d6	wb1_l4_d6_e7	multiple-choice		Who was fifteenth?	Anderson was fifteenth.	Choosing Team	unknown	Benjamin | Anderson | Ronaldo | Neymar	unknown	Anderson		not-applicable:multiple-choice	normalized from wb1_l4_d6_e7	wb1_l4_d6_e7	numbers		false	true
wb1_l4	78	wb1_l4_d6	wb1_l4_d6_e8	multiple-choice		Who was nineteenth and the last one to arrive?	Neymar was nineteenth and the last one to arrive.	Choosing Team	unknown	Ronaldo | Rivaldo | Neymar | Ronaldinho	unknown	Neymar		not-applicable:multiple-choice	normalized from wb1_l4_d6_e8	wb1_l4_d6_e8	numbers		false	true
wb1_l4	79	wb1_l4_d6	wb1_l4_d6_e9	multiple-choice		Who is the student from Brazil?	Bruno is a student from Brazil.	Reading Check	unknown	Bruno | Daniel | Pastor McMartin | Joe	unknown	Bruno		not-applicable:multiple-choice	normalized from wb1_l4_d6_e9	wb1_l4_d6_e9	alphabet		false	true
wb1_l4	80	wb1_l4_d6	wb1_l4_d6_e10	multiple-choice		What word does Bruno read first?	First, Bruno reads the word walk.	Reading Check	unknown	knife | walk | sword | order	unknown	walk		not-applicable:multiple-choice	normalized from wb1_l4_d6_e10	wb1_l4_d6_e10	other		false	true
wb1_l4	81	wb1_l4_d7	wb1_l4_final_v2_listen_write_1	writing	listening-writing	Listen and write exactly what you hear.	Daniel is the first one.	Name: Daniel	unknown		none	Daniel is the first one.		not-applicable:writing	normalized from wb1_l4_d1_e1	wb1_l4_d1_e1	numbers		true	false
wb1_l4	82	wb1_l4_d7	wb1_l4_final_v2_listen_write_2	writing	listening-writing	Listen and write exactly what you hear.	fourth		unknown		none	fourth		not-applicable:writing	normalized from wb1_l4_d2_e13	wb1_l4_d2_e13	other		false	true
wb1_l4	83	wb1_l4_d7	wb1_l4_final_v2_listen_write_3	writing	listening-writing	Listen and write exactly what you hear.	eleventh		unknown		none	eleventh		not-applicable:writing	normalized from wb1_l4_d2_e8	wb1_l4_d2_e8	numbers		true	false
wb1_l4	84	wb1_l4_d7	wb1_l4_final_v2_listen_write_4	writing	listening-writing	Listen and write exactly what you hear.	Emily is second.	Name: Emily	unknown		none	Emily is second.		not-applicable:writing	normalized from wb1_l4_d3_e4	wb1_l4_d3_e4	other		false	true
wb1_l4	85	wb1_l4_d7	wb1_l4_final_v2_listen_write_5	writing	listening-writing	Listen and write exactly what you hear.	My birthday is January twenty-first.		unknown		none	My birthday is January twenty-first.		not-applicable:writing	normalized from wb1_l4_d4_e4	wb1_l4_d4_e4	numbers		false	true
wb1_l4	86	wb1_l4_d7	wb1_l4_final_v2_listen_write_6	writing	listening-writing	Listen and write exactly what you hear.	Who is second?		unknown		none	Who is second?		not-applicable:writing	normalized from wb1_l4_d5_e2	wb1_l4_d5_e2	other		false	true
wb1_l4	87	wb1_l4_d7	wb1_l4_final_v2_listen_write_7	writing	listening-writing	Listen and write exactly what you hear.	What is the second letter?		unknown		none	What is the second letter?		not-applicable:writing	normalized from wb1_l4_d5_e9	wb1_l4_d5_e9	alphabet		false	true
wb1_l4	88	wb1_l4_d7	wb1_l4_final_v2_listen_write_8	writing	listening-writing	Listen and write exactly what you hear.	Sam is fifth.		unknown		none	Sam is fifth.		not-applicable:writing	normalized from wb1_l4_d6_e4	wb1_l4_d6_e4	other		false	true
wb1_l4	89	wb1_l4_d7	wb1_l4_final_v2_shadow_1	speaking	shadowing	Listen and repeat exactly what you hear.	Daniel is the first one.		unknown		none	Daniel is the first one.		not-applicable:speaking	normalized from wb1_l4_d1_e1	wb1_l4_d1_e1	numbers		true	false
wb1_l4	90	wb1_l4_d7	wb1_l4_final_v2_shadow_2	speaking	shadowing	Listen and repeat exactly what you hear.	Daniel is first.		unknown		none	Daniel is first.		not-applicable:speaking	normalized from wb1_l4_d3_e3	wb1_l4_d3_e3	other		false	true
wb1_l4	91	wb1_l4_d7	wb1_l4_final_v2_shadow_3	speaking	shadowing	Listen and repeat exactly what you hear.	Mine is September first.		unknown		none	Mine is September first.		not-applicable:speaking	normalized from wb1_l4_d4_e3	wb1_l4_d4_e3	other		false	true
wb1_l4	92	wb1_l4_d7	wb1_l4_final_v2_shadow_4	speaking	shadowing	Listen and repeat exactly what you hear.	Who is first in line?		unknown		none	Who is first in line?		not-applicable:speaking	normalized from wb1_l4_d5_e1	wb1_l4_d5_e1	other		false	true
wb1_l4	93	wb1_l4_d7	wb1_l4_final_v2_shadow_5	speaking	shadowing	Listen and repeat exactly what you hear.	What is the second letter?		unknown		none	What is the second letter?		not-applicable:speaking	normalized from wb1_l4_d5_e9	wb1_l4_d5_e9	alphabet		false	true
wb1_l4	94	wb1_l4_d7	wb1_l4_final_v2_shadow_6	speaking	shadowing	Listen and repeat exactly what you hear.	Sam is fifth.		unknown		none	Sam is fifth.		not-applicable:speaking	normalized from wb1_l4_d6_e4	wb1_l4_d6_e4	other		false	true
wb1_l4	95	wb1_l4_d7	wb1_l4_final_v2_speak_1	speaking	speaking	Listen and answer aloud in English.	Who is the first one?		unknown		none	Daniel		not-applicable:speaking	normalized from wb1_l4_d1_e1	wb1_l4_d1_e1	numbers		true	false
wb1_l4	96	wb1_l4_d7	wb1_l4_final_v2_speak_2	speaking	speaking	Listen and answer aloud in English.	Why do we use ordinal numbers?		unknown		none	to show position		not-applicable:speaking	normalized from wb1_l4_d3_e2	wb1_l4_d3_e2	numbers		false	true
wb1_l4	97	wb1_l4_d7	wb1_l4_final_v2_speak_3	speaking	speaking	Listen and answer aloud in English.	Who is first in line?		unknown		none	Anna is first in line.		not-applicable:speaking	normalized from wb1_l4_d5_e1	wb1_l4_d5_e1	other		false	true
wb1_l4	98	wb1_l4_d7	wb1_l4_final_v2_speak_4	speaking	speaking	Listen and answer aloud in English.	Does second have the TH sound?	Question: Does second have the TH sound?	unknown		none	no		not-applicable:speaking	normalized from wb1_l4_d5_e7	wb1_l4_d5_e7	other		false	true
wb1_l4	99	wb1_l4_d7	wb1_l4_final_v2_speak_5	speaking	speaking	Listen and answer aloud in English.	Who came first?	Choosing Team	unknown		none	Joe		not-applicable:speaking	normalized from wb1_l4_d6_e1	wb1_l4_d6_e1	other		true	false
wb1_l4	100	wb1_l4_d7	wb1_l4_final_v2_speak_6	speaking	speaking	Listen and answer aloud in English.	Who was eleventh?	Choosing Team	unknown		none	JD		not-applicable:speaking	normalized from wb1_l4_d6_e6	wb1_l4_d6_e6	numbers		false	true
wb1_l5	1	wb1_l5_d1	wb1_l5_d1_e1	multiple-choice		What is your name?	My name is Emma.		unknown	My name is Emma. | I am ten years old. | I am from Brazil. | Yes, I am.	unknown	My name is Emma.		not-applicable:multiple-choice	normalized from wb1_l5_d1_e1	wb1_l5_d1_e1	other		true	false
wb1_l5	2	wb1_l5_d1	wb1_l5_d1_e2	multiple-choice		How old are you?	I am ten years old.		unknown	I am Emma. | I am ten years old. | I am from Laura. | She is eleven.	unknown	I am ten years old.		not-applicable:multiple-choice	normalized from wb1_l5_d1_e2	wb1_l5_d1_e2	alphabet		true	false
wb1_l5	3	wb1_l5_d1	wb1_l5_d1_e3	multiple-choice		Where are you from?	I am from Brazil.		unknown	I am from Brazil. | I am eleven years old. | My name is Brazil. | Yes, she is.	unknown	I am from Brazil.		not-applicable:multiple-choice	normalized from wb1_l5_d1_e3	wb1_l5_d1_e3	alphabet		true	false
wb1_l5	4	wb1_l5_d1	wb1_l5_d1_e4	multiple-choice		Are you a student?	Yes, I am.		unknown	Yes, I am. | My name is Emma. | I am from Brazil. | She is Laura.	unknown	Yes, I am.		not-applicable:multiple-choice	normalized from wb1_l5_d1_e4	wb1_l5_d1_e4	alphabet		true	false
wb1_l5	5	wb1_l5_d1	wb1_l5_d1_e5	multiple-choice		Who is she?	She is my friend, Laura.		unknown	She is my friend, Laura. | She is from Italy. | I am Laura. | He is my teacher.	unknown	She is my friend, Laura.		not-applicable:multiple-choice	normalized from wb1_l5_d1_e5	wb1_l5_d1_e5	other		true	false
wb1_l5	6	wb1_l5_d1	wb1_l5_d1_e6	multiple-choice		How old is she?	She is eleven years old.		unknown	She is ten years old. | She is eleven years old. | He is eleven years old. | She is from Brazil.	unknown	She is eleven years old.		not-applicable:multiple-choice	normalized from wb1_l5_d1_e6	wb1_l5_d1_e6	numbers		false	true
wb1_l5	7	wb1_l5_d1	wb1_l5_d1_e7	identification		Listen and pick the correct answer.	He is Bruno.		unknown	He is Bruno. | She is Julia. | We are students. | I am Maria.	unknown	He is Bruno.		not-applicable:identification	normalized from wb1_l5_d1_e7	wb1_l5_d1_e7	other		false	true
wb1_l5	8	wb1_l5_d1	wb1_l5_d1_e8	identification		Listen and pick the correct answer.	He is from Brazil.		unknown	He is from Brazil. | He is from Greece. | She is from Italy. | They are from Peru.	unknown	He is from Brazil.		not-applicable:identification	normalized from wb1_l5_d1_e8	wb1_l5_d1_e8	other		false	true
wb1_l5	9	wb1_l5_d1	wb1_l5_d1_e9	identification		Listen and pick the correct answer.	She is Julia.		unknown	She is Julia. | He is Bruno. | I am Maria. | We are teachers.	unknown	She is Julia.		not-applicable:identification	normalized from wb1_l5_d1_e9	wb1_l5_d1_e9	other		false	true
wb1_l5	10	wb1_l5_d1	wb1_l5_d1_e10	identification		Listen and pick the correct answer.	She is from Italy.		unknown	She is from Mexico. | She is from Brazil. | She is from Italy. | She is from Canada.	unknown	She is from Italy.		not-applicable:identification	normalized from wb1_l5_d1_e10	wb1_l5_d1_e10	other		false	true
wb1_l5	11	wb1_l5_d1	wb1_l5_d1_e11	identification		Listen and pick the correct answer.	We are students.		unknown	We are students. | He is a student. | I am a teacher. | She is a friend.	unknown	We are students.		not-applicable:identification	normalized from wb1_l5_d1_e11	wb1_l5_d1_e11	other		false	true
wb1_l5	12	wb1_l5_d1	wb1_l5_d1_e12	writing		Type in words what you hear.	name		unknown		none	name		not-applicable:writing	normalized from wb1_l5_d1_e12	wb1_l5_d1_e12	other		false	true
wb1_l5	13	wb1_l5_d1	wb1_l5_d1_e13	writing		Type in words what you hear.	Brazil		unknown		none	brazil		not-applicable:writing	normalized from wb1_l5_d1_e13	wb1_l5_d1_e13	other		false	true
wb1_l5	14	wb1_l5_d1	wb1_l5_d1_e14	writing		Type in words what you hear.	student		unknown		none	student		not-applicable:writing	normalized from wb1_l5_d1_e14	wb1_l5_d1_e14	other		false	true
wb1_l5	15	wb1_l5_d1	wb1_l5_d1_e15	speaking		Listen and repeat exactly as you hear.	I am from Brazil.		unknown		none	i am from brazil		not-applicable:speaking	normalized from wb1_l5_d1_e15	wb1_l5_d1_e15	alphabet		false	true
wb1_l5	16	wb1_l5_d2	wb1_l5_d2_e1	multiple-choice		Complete: I ___ Daniel.			unknown	am | is | are	unknown	am		not-applicable:multiple-choice	normalized from wb1_l5_d2_e1	wb1_l5_d2_e1	alphabet		true	false
wb1_l5	17	wb1_l5_d2	wb1_l5_d2_e2	multiple-choice		Complete: She ___ from Mexico.			unknown	am | is | are	unknown	is		not-applicable:multiple-choice	normalized from wb1_l5_d2_e2	wb1_l5_d2_e2	other		true	false
wb1_l5	18	wb1_l5_d2	wb1_l5_d2_e3	multiple-choice		Complete: He ___ a student.			unknown	am | is | are	unknown	is		not-applicable:multiple-choice	normalized from wb1_l5_d2_e3	wb1_l5_d2_e3	alphabet		false	true
wb1_l5	19	wb1_l5_d2	wb1_l5_d2_e4	multiple-choice		Complete: We ___ friends.			unknown	am | is | are	unknown	are		not-applicable:multiple-choice	normalized from wb1_l5_d2_e4	wb1_l5_d2_e4	other		false	true
wb1_l5	20	wb1_l5_d2	wb1_l5_d2_e5	multiple-choice		Complete: You ___ my teacher.			unknown	am | is | are	unknown	are		not-applicable:multiple-choice	normalized from wb1_l5_d2_e5	wb1_l5_d2_e5	other		true	false
wb1_l5	21	wb1_l5_d2	wb1_l5_d2_e6	multiple-choice		Complete: They ___ in the classroom.			unknown	am | is | are	unknown	are		not-applicable:multiple-choice	normalized from wb1_l5_d2_e6	wb1_l5_d2_e6	other		false	true
wb1_l5	22	wb1_l5_d2	wb1_l5_d2_e7	multiple-choice		Complete: I ___ eleven years old.			unknown	am | is | are	unknown	am		not-applicable:multiple-choice	normalized from wb1_l5_d2_e7	wb1_l5_d2_e7	alphabet		false	true
wb1_l5	23	wb1_l5_d2	wb1_l5_d2_e8	multiple-choice		Complete: She ___ from Brazil.			unknown	am | is | are	unknown	is		not-applicable:multiple-choice	normalized from wb1_l5_d2_e8	wb1_l5_d2_e8	other		false	true
wb1_l5	24	wb1_l5_d2	wb1_l5_d2_e9	multiple-choice		Complete: He ___ my classmate.			unknown	am | is | are	unknown	is		not-applicable:multiple-choice	normalized from wb1_l5_d2_e9	wb1_l5_d2_e9	other		true	false
wb1_l5	25	wb1_l5_d2	wb1_l5_d2_e10	multiple-choice		Complete: We ___ students.			unknown	am | is | are	unknown	are		not-applicable:multiple-choice	normalized from wb1_l5_d2_e10	wb1_l5_d2_e10	other		false	true
wb1_l5	26	wb1_l5_d2	wb1_l5_d2_e11	writing		Type the missing word: My ___ is Lucas.	name		unknown		none	name		not-applicable:writing	normalized from wb1_l5_d2_e11	wb1_l5_d2_e11	other		false	true
wb1_l5	27	wb1_l5_d2	wb1_l5_d2_e12	writing		Type the missing words: I am twelve ___.	years old		unknown		none	years old		not-applicable:writing	normalized from wb1_l5_d2_e12	wb1_l5_d2_e12	alphabet		false	true
wb1_l5	28	wb1_l5_d2	wb1_l5_d2_e13	writing		Type the missing word: I am ___ Peru.	from		unknown		none	from		not-applicable:writing	normalized from wb1_l5_d2_e13	wb1_l5_d2_e13	alphabet		false	true
wb1_l5	29	wb1_l5_d2	wb1_l5_d2_e14	writing		Type the missing word: She is a ___.	student		unknown		none	student		not-applicable:writing	normalized from wb1_l5_d2_e14	wb1_l5_d2_e14	alphabet		false	true
wb1_l5	30	wb1_l5_d2	wb1_l5_d2_e15	writing		Type the missing word: He is my ___.	friend		unknown		none	friend		not-applicable:writing	normalized from wb1_l5_d2_e15	wb1_l5_d2_e15	other		false	true
wb1_l5	31	wb1_l5_d3	wb1_l5_d3_e1	multiple-choice		Match the question and answer: What is your name?	What is your name?		unknown	I am nine years old. | My name is Anna. | He is my brother. | Yes, I am.	unknown	My name is Anna.		not-applicable:multiple-choice	normalized from wb1_l5_d3_e1	wb1_l5_d3_e1	other		false	true
wb1_l5	32	wb1_l5_d3	wb1_l5_d3_e2	multiple-choice		Match the question and answer: How old are you?	How old are you?		unknown	I am nine years old. | My name is Anna. | I am from Chile. | He is my brother.	unknown	I am nine years old.		not-applicable:multiple-choice	normalized from wb1_l5_d3_e2	wb1_l5_d3_e2	alphabet		false	true
wb1_l5	33	wb1_l5_d3	wb1_l5_d3_e3	multiple-choice		Match the question and answer: Where are you from?	Where are you from?		unknown	He is my brother. | Yes, I am. | I am from Chile. | My name is Anna.	unknown	I am from Chile.		not-applicable:multiple-choice	normalized from wb1_l5_d3_e3	wb1_l5_d3_e3	alphabet		false	true
wb1_l5	34	wb1_l5_d3	wb1_l5_d3_e4	multiple-choice		Match the question and answer: Are you a student?	Are you a student?		unknown	My name is Anna. | Yes, I am. | I am from Chile. | He is my brother.	unknown	Yes, I am.		not-applicable:multiple-choice	normalized from wb1_l5_d3_e4	wb1_l5_d3_e4	alphabet		false	true
wb1_l5	35	wb1_l5_d3	wb1_l5_d3_e5	multiple-choice		Match the question and answer: Who is he?	Who is he?		unknown	I am nine years old. | He is my brother. | I am from Chile. | Yes, I am.	unknown	He is my brother.		not-applicable:multiple-choice	normalized from wb1_l5_d3_e5	wb1_l5_d3_e5	other		false	true
wb1_l5	36	wb1_l5_d3	wb1_l5_d3_e6	identification		Look at the information. What is the student's name?	Sofia	Name: Sofia	unknown	Sofia | Laura | Olivia | Emma	unknown	Sofia		not-applicable:identification	normalized from wb1_l5_d3_e6	wb1_l5_d3_e6	alphabet		true	false
wb1_l5	37	wb1_l5_d3	wb1_l5_d3_e7	identification		How old is Sofia?	ten	Age: 10	mixed	9 | 10 | 11 | 12	digits	10	10	not-applicable:identification	normalized from wb1_l5_d3_e7	wb1_l5_d3_e7	numbers		false	true
wb1_l5	38	wb1_l5_d3	wb1_l5_d3_e8	identification		Where is Sofia from?	Argentina	Country: Argentina	unknown	Brazil | Mexico | Argentina | Canada	unknown	Argentina		not-applicable:identification	normalized from wb1_l5_d3_e8	wb1_l5_d3_e8	other		false	true
wb1_l5	39	wb1_l5_d3	wb1_l5_d3_e9	identification		What is Sofia's occupation?	student	Occupation: Student	unknown	teacher | student | doctor | friend	unknown	student		not-applicable:identification	normalized from wb1_l5_d3_e9	wb1_l5_d3_e9	alphabet		false	true
wb1_l5	40	wb1_l5_d3	wb1_l5_d3_e10	writing		Write the sentence: Sofia is ___ years old.	ten		unknown		none	ten	10	not-applicable:writing	normalized from wb1_l5_d3_e10	wb1_l5_d3_e10	numbers		false	true
wb1_l5	41	wb1_l5_d3	wb1_l5_d3_e11	writing		Write the country: Sofia is from ___.	Argentina		unknown		none	argentina		not-applicable:writing	normalized from wb1_l5_d3_e11	wb1_l5_d3_e11	other		false	true
wb1_l5	42	wb1_l5_d3	wb1_l5_d3_e12	speaking		Listen and repeat exactly as you hear.	My name is Sofia.		unknown		none	my name is sofia		not-applicable:speaking	normalized from wb1_l5_d3_e12	wb1_l5_d3_e12	other		false	true
wb1_l5	43	wb1_l5_d3	wb1_l5_d3_e13	speaking		Listen and repeat exactly as you hear.	I am ten years old.		unknown		none	i am ten years old		not-applicable:speaking	normalized from wb1_l5_d3_e13	wb1_l5_d3_e13	alphabet		false	true
wb1_l5	44	wb1_l5_d3	wb1_l5_d3_e14	speaking		Listen and repeat exactly as you hear.	I am from Argentina.		unknown		none	i am from argentina		not-applicable:speaking	normalized from wb1_l5_d3_e14	wb1_l5_d3_e14	alphabet		false	true
wb1_l5	45	wb1_l5_d3	wb1_l5_d3_e15	multiple-choice		What is your name?	My name is Emma.		unknown	My name is Emma. | I am ten years old. | I am from Brazil. | Yes, I am.	unknown	My name is Emma.		not-applicable:multiple-choice	normalized from wb1_l5_d1_e1	wb1_l5_d1_e1	other		true	false
wb1_l5	46	wb1_l5_d4	wb1_l5_d4_e1	multiple-choice		What is the student's name?	My name is Leo.		unknown	Ben | Leo | Sara | Daniel	unknown	Leo		not-applicable:multiple-choice	normalized from wb1_l5_d4_e1	wb1_l5_d4_e1	alphabet		false	true
wb1_l5	47	wb1_l5_d4	wb1_l5_d4_e2	multiple-choice		How old is Leo?	I am twelve years old.		unknown	10 | 11 | 12 | 13	digits	12	12	not-applicable:multiple-choice	normalized from wb1_l5_d4_e2	wb1_l5_d4_e2	alphabet		false	true
wb1_l5	48	wb1_l5_d4	wb1_l5_d4_e3	multiple-choice		Where is Leo from?	I am from Brazil.		unknown	Brazil | Canada | Spain | Italy	unknown	Brazil		not-applicable:multiple-choice	normalized from wb1_l5_d4_e3	wb1_l5_d4_e3	alphabet		false	true
wb1_l5	49	wb1_l5_d4	wb1_l5_d4_e4	speaking		Listen and repeat.	Yes, I am.	Yes, I am.	unknown		none	Yes, I am.		not-applicable:speaking	normalized from wb1_l5_d4_e4	wb1_l5_d4_e4	alphabet		false	true
wb1_l5	50	wb1_l5_d4	wb1_l5_d4_e5	speaking		Listen and repeat.	He is my friend, Ben.	He is my friend, Ben.	unknown		none	He is my friend, Ben.		not-applicable:speaking	normalized from wb1_l5_d4_e5	wb1_l5_d4_e5	other		false	true
wb1_l5	51	wb1_l5_d4	wb1_l5_d4_e6	multiple-choice		How old is Ben?	He is eleven years old.		unknown	10 | 11 | 12 | 13	digits	11	11	not-applicable:multiple-choice	normalized from wb1_l5_d4_e6	wb1_l5_d4_e6	numbers		false	true
wb1_l5	52	wb1_l5_d4	wb1_l5_d4_e7	multiple-choice		Where is Ben from?	He is from Canada.		unknown	Brazil | Mexico | Canada | Peru	unknown	Canada		not-applicable:multiple-choice	normalized from wb1_l5_d4_e7	wb1_l5_d4_e7	other		false	true
wb1_l5	53	wb1_l5_d4	wb1_l5_d4_e8	speaking		Listen and repeat.	Yes, he is.	Yes, he is.	unknown		none	Yes, he is.		not-applicable:speaking	normalized from wb1_l5_d4_e8	wb1_l5_d4_e8	other		false	true
wb1_l5	54	wb1_l5_d4	wb1_l5_d4_e9	speaking		Listen and repeat.	She is my friend, Sara.	She is my friend, Sara.	unknown		none	She is my friend, Sara.		not-applicable:speaking	normalized from wb1_l5_d4_e9	wb1_l5_d4_e9	other		false	true
wb1_l5	55	wb1_l5_d4	wb1_l5_d4_e10	multiple-choice		Where is Sara from?	She is from Spain.		unknown	Spain | Canada | Italy | Mexico	unknown	Spain		not-applicable:multiple-choice	normalized from wb1_l5_d4_e10	wb1_l5_d4_e10	other		false	true
wb1_l5	56	wb1_l5_d5	wb1_l5_d5_e1	speaking	speaking	Listen and answer with your name.	What is your name?	Answer about you: My name is _____.	unknown		none	My name is Ana.		not-applicable:speaking	normalized from wb1_l5_d5_e1	wb1_l5_d5_e1	other		false	true
wb1_l5	57	wb1_l5_d5	wb1_l5_d5_e2	speaking	speaking	Listen and answer with your age.	How old are you?	Answer about you: I am _____ years old.	unknown		none	I am twelve years old.		not-applicable:speaking	normalized from wb1_l5_d5_e2	wb1_l5_d5_e2	alphabet		false	true
wb1_l5	58	wb1_l5_d5	wb1_l5_d5_e3	speaking	speaking	Listen and answer with your country.	Where are you from?	Answer about you: I am from _____.	unknown		none	I am from Brazil.		not-applicable:speaking	normalized from wb1_l5_d5_e3	wb1_l5_d5_e3	alphabet		false	true
wb1_l5	59	wb1_l5_d5	wb1_l5_d5_e4	speaking		Listen and answer: Are you a student?	Are you a student?	Question: Are you a student?	unknown		none	yes i am		not-applicable:speaking	normalized from wb1_l5_d5_e4	wb1_l5_d5_e4	alphabet		false	true
wb1_l5	60	wb1_l5_d5	wb1_l5_d5_e5	speaking		Listen and answer: Who is he?	Who is he?	Question: Who is he?	unknown		none	he is my friend		not-applicable:speaking	normalized from wb1_l5_d5_e5	wb1_l5_d5_e5	other		false	true
wb1_l5	61	wb1_l5_d5	wb1_l5_d5_e6	speaking		Listen and answer: Who is she?	Who is she?	Question: Who is she?	unknown		none	she is my friend		not-applicable:speaking	normalized from wb1_l5_d5_e6	wb1_l5_d5_e6	other		false	true
wb1_l5	62	wb1_l5_d5	wb1_l5_d5_e7	speaking	speaking	Think of a male friend. Listen and answer with his name.	What is his name?	Answer about a male friend: His name is _____.	unknown		none	His name is Leo.		not-applicable:speaking	normalized from wb1_l5_d5_e7	wb1_l5_d5_e7	alphabet		false	true
wb1_l5	63	wb1_l5_d5	wb1_l5_d5_e8	speaking	speaking	Think of a female friend. Listen and answer with her name.	What is her name?	Answer about a female friend: Her name is _____.	unknown		none	Her name is Sara.		not-applicable:speaking	normalized from wb1_l5_d5_e8	wb1_l5_d5_e8	alphabet		false	true
wb1_l5	64	wb1_l5_d5	wb1_l5_d5_e9	speaking	speaking	Think of a male friend. Listen and answer with his country.	Where is he from?	Answer about a male friend: He is from _____.	unknown		none	He is from Canada.		not-applicable:speaking	normalized from wb1_l5_d5_e9	wb1_l5_d5_e9	alphabet		false	true
wb1_l5	65	wb1_l5_d5	wb1_l5_d5_e10	speaking	speaking	Think of a female friend. Listen and answer with her country.	Where is she from?	Answer about a female friend: She is from _____.	unknown		none	She is from Spain.		not-applicable:speaking	normalized from wb1_l5_d5_e10	wb1_l5_d5_e10	alphabet		false	true
wb1_l5	66	wb1_l5_d5	wb1_l5_d5_e11	speaking		Listen and repeat exactly as you hear.	I am from Brazil.		unknown		none	i am from brazil		not-applicable:speaking	normalized from wb1_l5_d5_e11	wb1_l5_d5_e11	alphabet		false	true
wb1_l5	67	wb1_l5_d5	wb1_l5_d5_e12	speaking		Listen and repeat exactly as you hear.	He is eleven years old.		unknown		none	he is eleven years old		not-applicable:speaking	normalized from wb1_l5_d5_e12	wb1_l5_d5_e12	numbers		false	true
wb1_l5	68	wb1_l5_d5	wb1_l5_d5_e13	speaking		Listen and repeat exactly as you hear.	She is my friend, Sara.		unknown		none	she is my friend sara		not-applicable:speaking	normalized from wb1_l5_d5_e13	wb1_l5_d5_e13	other		false	true
wb1_l5	69	wb1_l5_d5	wb1_l5_d5_e14	multiple-choice		What is the girl's name?	My name is Olivia.	Meet Our New Students	unknown	Olivia | Sofia | Mrs. Carter | Laura	unknown	Olivia		not-applicable:multiple-choice	normalized from wb1_l5_d6_e1	wb1_l5_d6_e1	alphabet		true	false
wb1_l5	70	wb1_l5_d5	wb1_l5_d5_e15	multiple-choice		How old is Olivia?	I am eleven years old.	Meet Our New Students	unknown	10 | 11 | 12 | 13	digits	11	11	not-applicable:multiple-choice	normalized from wb1_l5_d6_e2	wb1_l5_d6_e2	alphabet		false	true
wb1_l5	71	wb1_l5_d6	wb1_l5_d6_e1	multiple-choice		What is the girl's name?	My name is Olivia.	Meet Our New Students	unknown	Olivia | Sofia | Mrs. Carter | Laura	unknown	Olivia		not-applicable:multiple-choice	normalized from wb1_l5_d6_e1	wb1_l5_d6_e1	alphabet		true	false
wb1_l5	72	wb1_l5_d6	wb1_l5_d6_e2	multiple-choice		How old is Olivia?	I am eleven years old.	Meet Our New Students	unknown	10 | 11 | 12 | 13	digits	11	11	not-applicable:multiple-choice	normalized from wb1_l5_d6_e2	wb1_l5_d6_e2	alphabet		false	true
wb1_l5	73	wb1_l5_d6	wb1_l5_d6_e3	multiple-choice		Where is Olivia from?	I am from Brazil.	Meet Our New Students	unknown	Brazil | Mexico | Peru | Canada	unknown	Brazil		not-applicable:multiple-choice	normalized from wb1_l5_d6_e3	wb1_l5_d6_e3	alphabet		false	true
wb1_l5	74	wb1_l5_d6	wb1_l5_d6_e4	multiple-choice		Is Olivia a student or a teacher?	I am a student at Learnendo School.	Meet Our New Students	unknown	teacher | student | doctor | friend	unknown	student		not-applicable:multiple-choice	normalized from wb1_l5_d6_e4	wb1_l5_d6_e4	alphabet		false	true
wb1_l5	75	wb1_l5_d6	wb1_l5_d6_e5	multiple-choice		Who is Diego?	My friend is Diego.	Meet Our New Students	unknown	her brother | her teacher | her friend | her father	unknown	her friend		not-applicable:multiple-choice	normalized from wb1_l5_d6_e5	wb1_l5_d6_e5	other		false	true
wb1_l5	76	wb1_l5_d6	wb1_l5_d6_e6	multiple-choice		How old is Diego?	He is twelve years old.	Meet Our New Students	unknown	10 | 11 | 12 | 13	digits	12	12	not-applicable:multiple-choice	normalized from wb1_l5_d6_e6	wb1_l5_d6_e6	numbers		false	true
wb1_l5	77	wb1_l5_d6	wb1_l5_d6_e7	multiple-choice		Where is Diego from?	He is from Mexico.	Meet Our New Students	unknown	Brazil | Mexico | Canada | Spain	unknown	Mexico		not-applicable:multiple-choice	normalized from wb1_l5_d6_e7	wb1_l5_d6_e7	other		false	true
wb1_l5	78	wb1_l5_d6	wb1_l5_d6_e8	multiple-choice		Who is Mrs. Carter?	Our teacher is Mrs. Carter.	Meet Our New Students	unknown	a student | a classmate | the teacher | a friend	unknown	the teacher		not-applicable:multiple-choice	normalized from wb1_l5_d6_e8	wb1_l5_d6_e8	other		false	true
wb1_l5	79	wb1_l5_d6	wb1_l5_d6_e9	multiple-choice		Where is Mrs. Carter from?	She is from the United States.	Meet Our New Students	unknown	Brazil | Canada | the United States | Peru	unknown	the United States		not-applicable:multiple-choice	normalized from wb1_l5_d6_e9	wb1_l5_d6_e9	other		false	true
wb1_l5	80	wb1_l5_d6	wb1_l5_d6_e10	multiple-choice		Who are Sofia and Ben?	We also have two classmates: Sofia and Ben.	Meet Our New Students	unknown	teachers | classmates | brother and sister | parents	unknown	classmates		not-applicable:multiple-choice	normalized from wb1_l5_d6_e10	wb1_l5_d6_e10	numbers		false	true
wb1_l5	81	wb1_l5_d7	wb1_l5_final_v2_listen_write_1	writing	listening-writing	Listen and write exactly what you hear.	My name is Emma.		unknown		none	My name is Emma.		not-applicable:writing	normalized from wb1_l5_d1_e1	wb1_l5_d1_e1	other		true	false
wb1_l5	82	wb1_l5_d7	wb1_l5_final_v2_listen_write_2	writing	listening-writing	Listen and write exactly what you hear.	She is Julia.		unknown		none	She is Julia.		not-applicable:writing	normalized from wb1_l5_d1_e9	wb1_l5_d1_e9	other		false	true
wb1_l5	83	wb1_l5_d7	wb1_l5_final_v2_listen_write_3	writing	listening-writing	Listen and write exactly what you hear.	She is from Mexico.		unknown		none	She is from Mexico.		not-applicable:writing	normalized from wb1_l5_d2_e2	wb1_l5_d2_e2	other		true	false
wb1_l5	84	wb1_l5_d7	wb1_l5_final_v2_listen_write_4	writing	listening-writing	Listen and write exactly what you hear.	years old		unknown		none	years old		not-applicable:writing	normalized from wb1_l5_d2_e12	wb1_l5_d2_e12	other		false	true
wb1_l5	85	wb1_l5_d7	wb1_l5_final_v2_listen_write_5	writing	listening-writing	Listen and write exactly what you hear.	Who is he?		unknown		none	Who is he?		not-applicable:writing	normalized from wb1_l5_d5_e5	wb1_l5_d5_e5	other		false	true
wb1_l5	86	wb1_l5_d7	wb1_l5_final_v2_listen_write_6	writing	listening-writing	Listen and write exactly what you hear.	I am twelve years old.		unknown		none	I am twelve years old.		not-applicable:writing	normalized from wb1_l5_d4_e2	wb1_l5_d4_e2	alphabet		false	true
wb1_l5	87	wb1_l5_d7	wb1_l5_final_v2_listen_write_7	writing	listening-writing	Listen and write exactly what you hear.	Who is she?		unknown		none	Who is she?		not-applicable:writing	normalized from wb1_l5_d5_e6	wb1_l5_d5_e6	other		false	true
wb1_l5	88	wb1_l5_d7	wb1_l5_final_v2_listen_write_8	writing	listening-writing	Listen and write exactly what you hear.	I am a student at Learnendo School.		unknown		none	I am a student at Learnendo School.		not-applicable:writing	normalized from wb1_l5_d6_e4	wb1_l5_d6_e4	alphabet		false	true
wb1_l5	89	wb1_l5_d7	wb1_l5_final_v2_shadow_1	speaking	shadowing	Listen and repeat exactly what you hear.	My name is Emma.		unknown		none	My name is Emma.		not-applicable:speaking	normalized from wb1_l5_d1_e1	wb1_l5_d1_e1	other		true	false
wb1_l5	90	wb1_l5_d7	wb1_l5_final_v2_shadow_2	speaking	shadowing	Listen and repeat exactly what you hear.	She is from Italy.		unknown		none	She is from Italy.		not-applicable:speaking	normalized from wb1_l5_d1_e10	wb1_l5_d1_e10	other		false	true
wb1_l5	91	wb1_l5_d7	wb1_l5_final_v2_shadow_3	speaking	shadowing	Listen and repeat exactly what you hear.	I am eleven years old.		unknown		none	I am eleven years old.		not-applicable:speaking	normalized from wb1_l5_d6_e2	wb1_l5_d6_e2	alphabet		false	true
wb1_l5	92	wb1_l5_d7	wb1_l5_final_v2_shadow_4	speaking	shadowing	Listen and repeat exactly what you hear.	My name is Sofia.		unknown		none	My name is Sofia.		not-applicable:speaking	normalized from wb1_l5_d3_e12	wb1_l5_d3_e12	other		false	true
wb1_l5	93	wb1_l5_d7	wb1_l5_final_v2_shadow_5	speaking	shadowing	Listen and repeat exactly what you hear.	She is my friend, Sara.		unknown		none	She is my friend, Sara.		not-applicable:speaking	normalized from wb1_l5_d5_e13	wb1_l5_d5_e13	other		false	true
wb1_l5	94	wb1_l5_d7	wb1_l5_final_v2_shadow_6	speaking	shadowing	Listen and repeat exactly what you hear.	My name is Olivia.		unknown		none	My name is Olivia.		not-applicable:speaking	normalized from wb1_l5_d6_e1	wb1_l5_d6_e1	other		true	false
wb1_l5	95	wb1_l5_d7	wb1_l5_final_v2_speak_1	speaking	speaking	Listen and answer aloud in English.	What is your name?		unknown		none	My name is Ana.		not-applicable:speaking	normalized from wb1_l5_d3_e1	wb1_l5_d3_e1	other		false	true
wb1_l5	96	wb1_l5_d7	wb1_l5_final_v2_speak_2	speaking	speaking	Listen and answer aloud in English.	Who is he?		unknown		none	He is my brother.		not-applicable:speaking	normalized from wb1_l5_d3_e5	wb1_l5_d3_e5	other		false	true
wb1_l5	97	wb1_l5_d7	wb1_l5_final_v2_speak_3	speaking	speaking	Listen and answer aloud in English.	Who is she?	Question: Who is she?	unknown		none	she is my friend		not-applicable:speaking	normalized from wb1_l5_d5_e6	wb1_l5_d5_e6	other		false	true
wb1_l5	98	wb1_l5_d7	wb1_l5_final_v2_speak_4	speaking	speaking	Listen and answer aloud in English.	How old is Olivia?	Meet Our New Students	unknown		none	11	11	not-applicable:speaking	normalized from wb1_l5_d6_e2	wb1_l5_d6_e2	other		false	true
wb1_l5	99	wb1_l5_d7	wb1_l5_final_v2_speak_5	speaking	speaking	Listen and answer aloud in English.	Who is Diego?	Meet Our New Students	unknown		none	her friend		not-applicable:speaking	normalized from wb1_l5_d6_e5	wb1_l5_d6_e5	other		false	true
wb1_l5	100	wb1_l5_d7	wb1_l5_final_v2_speak_6	speaking	speaking	Listen and answer aloud in English.	Who is Mrs. Carter?	Meet Our New Students	unknown		none	the teacher		not-applicable:speaking	normalized from wb1_l5_d6_e8	wb1_l5_d6_e8	other		false	true
wb1_l6	1	wb1_l6_d1	wb1_l6_d1_e1	multiple-choice		Choose the greeting.	Hello!		unknown	Hello! | Good night! | Goodbye!	unknown	Hello!		not-applicable:multiple-choice	normalized from wb1_l6_d1_e1	wb1_l6_d1_e1	greetings		true	false
wb1_l6	2	wb1_l6_d1	wb1_l6_d1_e2	multiple-choice		Choose the greeting.	Hi!	Hi!	unknown	Good evening! | Hi! | See you!	unknown	Hi!		not-applicable:multiple-choice	normalized from wb1_l6_d1_e2	wb1_l6_d1_e2	other		true	false
wb1_l6	3	wb1_l6_d1	wb1_l6_d1_e3	multiple-choice		Choose the morning greeting.	Good morning!	Good morning!	unknown	Good morning! | Good night! | Bye!	unknown	Good morning!		not-applicable:multiple-choice	normalized from wb1_l6_d1_e3	wb1_l6_d1_e3	greetings		true	false
wb1_l6	4	wb1_l6_d1	wb1_l6_d1_e4	multiple-choice		Choose the afternoon greeting.	Good afternoon!	Good afternoon!	unknown	Good afternoon! | Good night! | Hello!	unknown	Good afternoon!		not-applicable:multiple-choice	normalized from wb1_l6_d1_e4	wb1_l6_d1_e4	other		true	false
wb1_l6	5	wb1_l6_d1	wb1_l6_d1_e5	multiple-choice		Choose the evening greeting.	Good evening!	Good evening!	unknown	Good morning! | Good evening! | Goodbye!	unknown	Good evening!		not-applicable:multiple-choice	normalized from wb1_l6_d1_e5	wb1_l6_d1_e5	greetings		true	false
wb1_l6	6	wb1_l6_d1	wb1_l6_d1_e6	multiple-choice		Choose the goodbye expression.	Goodbye!	Goodbye!	unknown	Goodbye! | Good morning! | How are you?	unknown	Goodbye!		not-applicable:multiple-choice	normalized from wb1_l6_d1_e6	wb1_l6_d1_e6	greetings		true	false
wb1_l6	7	wb1_l6_d1	wb1_l6_d1_e7	speaking		Listen and repeat.	Hello! Hi! Good morning! Goodbye!	Hello! / Hi! / Good morning! / Goodbye!	unknown		none	Hello! Hi! Good morning! Goodbye!		not-applicable:speaking	normalized from wb1_l6_d1_e7	wb1_l6_d1_e7	greetings		false	true
wb1_l6	8	wb1_l6_d1	wb1_l6_d1_e8	multiple-choice		Complete the sentence.		Good ______!	unknown	morning | afternoon | night	unknown	morning		not-applicable:multiple-choice	normalized from wb1_l6_d2_e1	wb1_l6_d2_e1	greetings		false	true
wb1_l6	9	wb1_l6_d1	wb1_l6_d1_e9	multiple-choice		Complete the sentence.		Good ______!	unknown	afternoon | morning | evening	unknown	afternoon		not-applicable:multiple-choice	normalized from wb1_l6_d2_e2	wb1_l6_d2_e2	other		false	true
wb1_l6	10	wb1_l6_d1	wb1_l6_d1_e10	identification		Identify the correct answer.	How are you?	How are you?	unknown	I am fine, thank you. | Good night. | My name is Ben.	unknown	I am fine, thank you.		not-applicable:identification	normalized from wb1_l6_d2_e3	wb1_l6_d2_e3	greetings		false	true
wb1_l6	11	wb1_l6_d1	wb1_l6_d1_e11	identification		Identify the correct answer.	Nice to meet you.	Nice to meet you.	unknown	Nice to meet you too. | Good morning. | Bye.	unknown	Nice to meet you too.		not-applicable:identification	normalized from wb1_l6_d2_e4	wb1_l6_d2_e4	greetings		true	false
wb1_l6	12	wb1_l6_d1	wb1_l6_d1_e12	writing		Write the missing word.	I am fine, thank you.	I am ______, thank you.	unknown		none	fine		not-applicable:writing	normalized from wb1_l6_d2_e5	wb1_l6_d2_e5	alphabet		true	false
wb1_l6	13	wb1_l6_d1	wb1_l6_d1_e13	writing		Write the missing word.	See you!	See ______!	unknown		none	you		not-applicable:writing	normalized from wb1_l6_d2_e6	wb1_l6_d2_e6	other		true	false
wb1_l6	14	wb1_l6_d1	wb1_l6_d1_e14	multiple-choice		Choose the correct greeting.	Morning	Morning	unknown	Good morning! | Good night! | Goodbye!	unknown	Good morning!		not-applicable:multiple-choice	normalized from wb1_l6_d7_e1	wb1_l6_d7_e1	greetings		false	true
wb1_l6	15	wb1_l6_d1	wb1_l6_d1_e15	multiple-choice		Choose the correct greeting.	Night	Night	unknown	Good afternoon! | Good night! | Hi!	unknown	Good night!		not-applicable:multiple-choice	normalized from wb1_l6_d7_e2	wb1_l6_d7_e2	greetings		false	true
wb1_l6	16	wb1_l6_d2	wb1_l6_d2_e1	multiple-choice		Complete the sentence.		Good ______!	unknown	morning | afternoon | night	unknown	morning		not-applicable:multiple-choice	normalized from wb1_l6_d2_e1	wb1_l6_d2_e1	greetings		false	true
wb1_l6	17	wb1_l6_d2	wb1_l6_d2_e2	multiple-choice		Complete the sentence.		Good ______!	unknown	afternoon | morning | evening	unknown	afternoon		not-applicable:multiple-choice	normalized from wb1_l6_d2_e2	wb1_l6_d2_e2	other		false	true
wb1_l6	18	wb1_l6_d2	wb1_l6_d2_e3	identification		Identify the correct answer.	How are you?	How are you?	unknown	I am fine, thank you. | Good night. | My name is Ben.	unknown	I am fine, thank you.		not-applicable:identification	normalized from wb1_l6_d2_e3	wb1_l6_d2_e3	greetings		false	true
wb1_l6	19	wb1_l6_d2	wb1_l6_d2_e4	identification		Identify the correct answer.	Nice to meet you.	Nice to meet you.	unknown	Nice to meet you too. | Good morning. | Bye.	unknown	Nice to meet you too.		not-applicable:identification	normalized from wb1_l6_d2_e4	wb1_l6_d2_e4	greetings		true	false
wb1_l6	20	wb1_l6_d2	wb1_l6_d2_e5	writing		Write the missing word.	I am fine, thank you.	I am ______, thank you.	unknown		none	fine		not-applicable:writing	normalized from wb1_l6_d2_e5	wb1_l6_d2_e5	alphabet		true	false
wb1_l6	21	wb1_l6_d2	wb1_l6_d2_e6	writing		Write the missing word.	See you!	See ______!	unknown		none	you		not-applicable:writing	normalized from wb1_l6_d2_e6	wb1_l6_d2_e6	other		true	false
wb1_l6	22	wb1_l6_d2	wb1_l6_d2_e7	multiple-choice		Choose the greeting.	Hello!		unknown	Hello! | Good night! | Goodbye!	unknown	Hello!		not-applicable:multiple-choice	normalized from wb1_l6_d1_e1	wb1_l6_d1_e1	greetings		true	false
wb1_l6	23	wb1_l6_d2	wb1_l6_d2_e8	multiple-choice		Choose the greeting.	Hi!	Hi!	unknown	Good evening! | Hi! | See you!	unknown	Hi!		not-applicable:multiple-choice	normalized from wb1_l6_d1_e2	wb1_l6_d1_e2	other		true	false
wb1_l6	24	wb1_l6_d2	wb1_l6_d2_e9	multiple-choice		Choose the morning greeting.	Good morning!	Good morning!	unknown	Good morning! | Good night! | Bye!	unknown	Good morning!		not-applicable:multiple-choice	normalized from wb1_l6_d1_e3	wb1_l6_d1_e3	greetings		true	false
wb1_l6	25	wb1_l6_d2	wb1_l6_d2_e10	multiple-choice		Choose the afternoon greeting.	Good afternoon!	Good afternoon!	unknown	Good afternoon! | Good night! | Hello!	unknown	Good afternoon!		not-applicable:multiple-choice	normalized from wb1_l6_d1_e4	wb1_l6_d1_e4	other		true	false
wb1_l6	26	wb1_l6_d2	wb1_l6_d2_e11	multiple-choice		Choose the evening greeting.	Good evening!	Good evening!	unknown	Good morning! | Good evening! | Goodbye!	unknown	Good evening!		not-applicable:multiple-choice	normalized from wb1_l6_d1_e5	wb1_l6_d1_e5	greetings		true	false
wb1_l6	27	wb1_l6_d2	wb1_l6_d2_e12	multiple-choice		Choose the goodbye expression.	Goodbye!	Goodbye!	unknown	Goodbye! | Good morning! | How are you?	unknown	Goodbye!		not-applicable:multiple-choice	normalized from wb1_l6_d1_e6	wb1_l6_d1_e6	greetings		true	false
wb1_l6	28	wb1_l6_d2	wb1_l6_d2_e13	speaking		Listen and repeat.	Hello! Hi! Good morning! Goodbye!	Hello! / Hi! / Good morning! / Goodbye!	unknown		none	Hello! Hi! Good morning! Goodbye!		not-applicable:speaking	normalized from wb1_l6_d1_e7	wb1_l6_d1_e7	greetings		false	true
wb1_l6	29	wb1_l6_d2	wb1_l6_d2_e14	identification		Choose the correct answer.	Hello!	Hello!	unknown	Hi! | Good night! | I am ten.	unknown	Hi!		not-applicable:identification	normalized from wb1_l6_d3_e1	wb1_l6_d3_e1	greetings		false	true
wb1_l6	30	wb1_l6_d2	wb1_l6_d2_e15	identification		Choose the correct answer.	How are you?	How are you?	unknown	I am fine, thank you. | Goodbye. | Good evening.	unknown	I am fine, thank you.		not-applicable:identification	normalized from wb1_l6_d3_e2	wb1_l6_d3_e2	greetings		false	true
wb1_l6	31	wb1_l6_d3	wb1_l6_d3_e1	identification		Choose the correct answer.	Hello!	Hello!	unknown	Hi! | Good night! | I am ten.	unknown	Hi!		not-applicable:identification	normalized from wb1_l6_d3_e1	wb1_l6_d3_e1	greetings		false	true
wb1_l6	32	wb1_l6_d3	wb1_l6_d3_e2	identification		Choose the correct answer.	How are you?	How are you?	unknown	I am fine, thank you. | Goodbye. | Good evening.	unknown	I am fine, thank you.		not-applicable:identification	normalized from wb1_l6_d3_e2	wb1_l6_d3_e2	greetings		false	true
wb1_l6	33	wb1_l6_d3	wb1_l6_d3_e3	identification		Choose the correct answer.	Goodbye!	Goodbye!	unknown	See you! | Good morning! | I am a student.	unknown	See you!		not-applicable:identification	normalized from wb1_l6_d3_e3	wb1_l6_d3_e3	greetings		false	true
wb1_l6	34	wb1_l6_d3	wb1_l6_d3_e4	multiple-choice		Choose the correct question.	I am fine, thank you.	I am fine, thank you.	unknown	How are you? | What is your name? | How old are you?	unknown	How are you?		not-applicable:multiple-choice	normalized from wb1_l6_d3_e4	wb1_l6_d3_e4	greetings		false	true
wb1_l6	35	wb1_l6_d3	wb1_l6_d3_e5	multiple-choice		Choose the correct question.	My name is Anna.	My name is Anna.	unknown	What is your name? | How are you? | Goodbye?	unknown	What is your name?		not-applicable:multiple-choice	normalized from wb1_l6_d3_e5	wb1_l6_d3_e5	other		false	true
wb1_l6	36	wb1_l6_d3	wb1_l6_d3_e6	writing		Answer the question.	How are you?	How are you? ______	unknown		none	I am fine, thank you.		not-applicable:writing	normalized from wb1_l6_d3_e6	wb1_l6_d3_e6	greetings		false	true
wb1_l6	37	wb1_l6_d3	wb1_l6_d3_e7	speaking		Ask and answer.	How are you? I am fine, thank you.	A: How are you? B: I am fine, thank you.	unknown		none	How are you? I am fine, thank you.		not-applicable:speaking	normalized from wb1_l6_d3_e7	wb1_l6_d3_e7	greetings		false	true
wb1_l6	38	wb1_l6_d3	wb1_l6_d3_e8	multiple-choice		Choose the greeting.	Hello!		unknown	Hello! | Good night! | Goodbye!	unknown	Hello!		not-applicable:multiple-choice	normalized from wb1_l6_d1_e1	wb1_l6_d1_e1	greetings		true	false
wb1_l6	39	wb1_l6_d3	wb1_l6_d3_e9	multiple-choice		Choose the greeting.	Hi!	Hi!	unknown	Good evening! | Hi! | See you!	unknown	Hi!		not-applicable:multiple-choice	normalized from wb1_l6_d1_e2	wb1_l6_d1_e2	other		true	false
wb1_l6	40	wb1_l6_d3	wb1_l6_d3_e10	multiple-choice		Choose the morning greeting.	Good morning!	Good morning!	unknown	Good morning! | Good night! | Bye!	unknown	Good morning!		not-applicable:multiple-choice	normalized from wb1_l6_d1_e3	wb1_l6_d1_e3	greetings		true	false
wb1_l6	41	wb1_l6_d3	wb1_l6_d3_e11	multiple-choice		Choose the afternoon greeting.	Good afternoon!	Good afternoon!	unknown	Good afternoon! | Good night! | Hello!	unknown	Good afternoon!		not-applicable:multiple-choice	normalized from wb1_l6_d1_e4	wb1_l6_d1_e4	other		true	false
wb1_l6	42	wb1_l6_d3	wb1_l6_d3_e12	multiple-choice		Choose the evening greeting.	Good evening!	Good evening!	unknown	Good morning! | Good evening! | Goodbye!	unknown	Good evening!		not-applicable:multiple-choice	normalized from wb1_l6_d1_e5	wb1_l6_d1_e5	greetings		true	false
wb1_l6	43	wb1_l6_d3	wb1_l6_d3_e13	multiple-choice		Choose the goodbye expression.	Goodbye!	Goodbye!	unknown	Goodbye! | Good morning! | How are you?	unknown	Goodbye!		not-applicable:multiple-choice	normalized from wb1_l6_d1_e6	wb1_l6_d1_e6	greetings		true	false
wb1_l6	44	wb1_l6_d3	wb1_l6_d3_e14	speaking		Listen and repeat.	Hello! Hi! Good morning! Goodbye!	Hello! / Hi! / Good morning! / Goodbye!	unknown		none	Hello! Hi! Good morning! Goodbye!		not-applicable:speaking	normalized from wb1_l6_d1_e7	wb1_l6_d1_e7	greetings		false	true
wb1_l6	45	wb1_l6_d3	wb1_l6_d3_e15	multiple-choice		Choose the correct greeting.	Morning	Morning	unknown	Good morning! | Good night! | Goodbye!	unknown	Good morning!		not-applicable:multiple-choice	normalized from wb1_l6_d7_e1	wb1_l6_d7_e1	greetings		false	true
wb1_l6	46	wb1_l6_d4	wb1_l6_d4_e1	speaking	shadowing	Listen and repeat.	Good morning, class. How are you?	Good morning, class. How are you?	unknown		none	Good morning, class. How are you?		not-applicable:speaking	normalized from wb1_l6_d4_e1	wb1_l6_d4_e1	greetings		false	true
wb1_l6	47	wb1_l6_d4	wb1_l6_d4_e2	identification		Choose the correct answer from the dialogue.	Good morning, class.	Teacher: Good morning, class.	unknown	Good morning, teacher. | Good night, teacher. | Goodbye, teacher.	unknown	Good morning, teacher.		not-applicable:identification	normalized from wb1_l6_d4_e2	wb1_l6_d4_e2	greetings		false	true
wb1_l6	48	wb1_l6_d4	wb1_l6_d4_e3	identification		Choose the correct answer.	Good evening, Dad.	Good evening, Dad.	unknown	Good evening. | Good morning. | See you.	unknown	Good evening.		not-applicable:identification	normalized from wb1_l6_d4_e3	wb1_l6_d4_e3	greetings		false	true
wb1_l6	49	wb1_l6_d4	wb1_l6_d4_e4	writing		Complete the dialogue.		Teacher: Good afternoon, Ana. Ana: ______, teacher.	unknown		none	Good afternoon		not-applicable:writing	normalized from wb1_l6_d4_e4	wb1_l6_d4_e4	other		false	true
wb1_l6	50	wb1_l6_d4	wb1_l6_d4_e5	writing		Complete the dialogue.	Nice to meet you.	Ben: Nice to meet you. Emma: ______	unknown		none	Nice to meet you too.		not-applicable:writing	normalized from wb1_l6_d4_e5	wb1_l6_d4_e5	greetings		false	true
wb1_l6	51	wb1_l6_d4	wb1_l6_d4_e6	multiple-choice		Choose the best expression.	It is night. You go to bed.	It is night. You go to bed.	unknown	Good night! | Good afternoon! | Hello!	unknown	Good night!		not-applicable:multiple-choice	normalized from wb1_l6_d4_e6	wb1_l6_d4_e6	greetings		true	false
wb1_l6	52	wb1_l6_d4	wb1_l6_d4_e7	speaking		Listen and repeat.	Good morning!	Morning: ______	unknown		none	Good morning!		not-applicable:speaking	normalized from wb1_l6_d5_e1	wb1_l6_d5_e1	greetings		false	true
wb1_l6	53	wb1_l6_d4	wb1_l6_d4_e8	speaking		Listen and repeat.	Good afternoon!	Afternoon: ______	unknown		none	Good afternoon!		not-applicable:speaking	normalized from wb1_l6_d5_e2	wb1_l6_d5_e2	other		false	true
wb1_l6	54	wb1_l6_d4	wb1_l6_d4_e9	speaking		Listen and repeat.	Good evening!	Evening: ______	unknown		none	Good evening!		not-applicable:speaking	normalized from wb1_l6_d5_e3	wb1_l6_d5_e3	greetings		false	true
wb1_l6	55	wb1_l6_d4	wb1_l6_d4_e10	speaking		Answer the question.	How are you?	A: How are you? B: ______	unknown		none	I am fine, thank you.		not-applicable:speaking	normalized from wb1_l6_d5_e4	wb1_l6_d5_e4	greetings		false	true
wb1_l6	56	wb1_l6_d5	wb1_l6_d5_e1	speaking		Say the greeting.	Good morning!	Morning: ______	unknown		none	Good morning!		not-applicable:speaking	normalized from wb1_l6_d5_e1	wb1_l6_d5_e1	greetings		false	true
wb1_l6	57	wb1_l6_d5	wb1_l6_d5_e2	speaking		Say the greeting.	Good afternoon!	Afternoon: ______	unknown		none	Good afternoon!		not-applicable:speaking	normalized from wb1_l6_d5_e2	wb1_l6_d5_e2	other		false	true
wb1_l6	58	wb1_l6_d5	wb1_l6_d5_e3	speaking		Say the greeting.	Good evening!	Evening: ______	unknown		none	Good evening!		not-applicable:speaking	normalized from wb1_l6_d5_e3	wb1_l6_d5_e3	greetings		false	true
wb1_l6	59	wb1_l6_d5	wb1_l6_d5_e4	speaking		Answer the question.	How are you?	A: How are you? B: ______	unknown		none	I am fine, thank you.		not-applicable:speaking	normalized from wb1_l6_d5_e4	wb1_l6_d5_e4	greetings		false	true
wb1_l6	60	wb1_l6_d5	wb1_l6_d5_e5	writing		Write a short answer.	How are you?	How are you? ______	unknown		none	I am fine.		not-applicable:writing	normalized from wb1_l6_d5_e5	wb1_l6_d5_e5	greetings		false	true
wb1_l6	61	wb1_l6_d5	wb1_l6_d5_e6	writing		Write a goodbye expression.	See you!	Goodbye! ______	unknown		none	See you!		not-applicable:writing	normalized from wb1_l6_d5_e6	wb1_l6_d5_e6	greetings		false	true
wb1_l6	62	wb1_l6_d5	wb1_l6_d5_e7	speaking		Make a short conversation.	Hello! My name is Ben. Nice to meet you.	Hello! My name is ______. Nice to meet you.	unknown		none	Hello! My name is Ben. Nice to meet you.		not-applicable:speaking	normalized from wb1_l6_d5_e7	wb1_l6_d5_e7	greetings		false	true
wb1_l6	63	wb1_l6_d5	wb1_l6_d5_e8	speaking	shadowing	Listen and repeat exactly what you hear.	Good morning! My name is Ben.	Reading: Greetings at School	unknown		none	Good morning! My name is Ben.		not-applicable:speaking	normalized from wb1_l6_d6_e1	wb1_l6_d6_e1	greetings		false	true
wb1_l6	64	wb1_l6_d5	wb1_l6_d5_e9	multiple-choice		Answer the question.	What is the boy’s name?	What is the boy’s name?	unknown	Ben | Lucas | Daniel	unknown	Ben		not-applicable:multiple-choice	normalized from wb1_l6_d6_e2	wb1_l6_d6_e2	alphabet		false	true
wb1_l6	65	wb1_l6_d5	wb1_l6_d5_e10	multiple-choice		Answer the question.	Where is Ben?	Where is Ben?	unknown	In the classroom | At home | In the park	unknown	In the classroom		not-applicable:multiple-choice	normalized from wb1_l6_d6_e3	wb1_l6_d6_e3	other		false	true
wb1_l6	66	wb1_l6_d5	wb1_l6_d5_e11	identification		Choose the greeting from the text.	What does Ben say to the teacher?	What does Ben say to the teacher?	unknown	Hello, teacher! | Good night, teacher! | Goodbye, teacher!	unknown	Hello, teacher!		not-applicable:identification	normalized from wb1_l6_d6_e4	wb1_l6_d6_e4	greetings		false	true
wb1_l6	67	wb1_l6_d5	wb1_l6_d5_e12	multiple-choice		Answer the question.	Are Ben and Anna happy?	Are Ben and Anna happy?	unknown	Yes, they are. | No, they are not. | Yes, it is.	unknown	Yes, they are.		not-applicable:multiple-choice	normalized from wb1_l6_d6_e5	wb1_l6_d6_e5	other		false	true
wb1_l6	68	wb1_l6_d5	wb1_l6_d5_e13	writing		Write the missing expression.	See you, Ben!	They say, “______ , Ben!”	unknown		none	See you		not-applicable:writing	normalized from wb1_l6_d6_e6	wb1_l6_d6_e6	other		false	true
wb1_l6	69	wb1_l6_d5	wb1_l6_d5_e14	speaking		Read and repeat.	Good morning, teacher. Hello, friends. Goodbye. See you!	Good morning, teacher. / Hello, friends. / Goodbye. / See you!	unknown		none	Good morning, teacher. Hello, friends. Goodbye. See you!		not-applicable:speaking	normalized from wb1_l6_d6_e7	wb1_l6_d6_e7	greetings		false	true
wb1_l6	70	wb1_l6_d5	wb1_l6_d5_e15	multiple-choice		Complete the sentence.		Good ______!	unknown	morning | afternoon | night	unknown	morning		not-applicable:multiple-choice	normalized from wb1_l6_d2_e1	wb1_l6_d2_e1	greetings		false	true
wb1_l6	71	wb1_l6_d6	wb1_l6_d6_e1	speaking	shadowing	Listen and repeat exactly what you hear.	Good morning! My name is Ben.	Reading: Greetings at School	unknown		none	Good morning! My name is Ben.		not-applicable:speaking	normalized from wb1_l6_d6_e1	wb1_l6_d6_e1	greetings		false	true
wb1_l6	72	wb1_l6_d6	wb1_l6_d6_e2	writing		Write the question in English.		Qual é o nome do menino?	unknown		none	What is the boy’s name?		not-applicable:writing	normalized from wb1_l6_d6_e2	wb1_l6_d6_e2	alphabet		false	true
wb1_l6	73	wb1_l6_d6	wb1_l6_d6_e3	writing		Write the question.	In the classroom	Answer: In the classroom	unknown		none	Where is Ben?		not-applicable:writing	normalized from wb1_l6_d6_e3	wb1_l6_d6_e3	other		false	true
wb1_l6	74	wb1_l6_d6	wb1_l6_d6_e4	writing		Write the question in English.		O que Ben diz para o professor?	unknown		none	What does Ben say to the teacher?		not-applicable:writing	normalized from wb1_l6_d6_e4	wb1_l6_d6_e4	alphabet		false	true
wb1_l6	75	wb1_l6_d6	wb1_l6_d6_e5	writing		Write the question in English.		Ben e Anna estão felizes?	unknown		none	Are Ben and Anna happy?		not-applicable:writing	normalized from wb1_l6_d6_e5	wb1_l6_d6_e5	alphabet		false	true
wb1_l6	76	wb1_l6_d6	wb1_l6_d6_e6	writing		Write the missing expression.	See you, Ben!	They say, “______ , Ben!”	unknown		none	See you		not-applicable:writing	normalized from wb1_l6_d6_e6	wb1_l6_d6_e6	other		false	true
wb1_l6	77	wb1_l6_d6	wb1_l6_d6_e7	writing		Translate into English.		Bom dia, professor. Como você está?	unknown		none	Good morning, teacher. How are you?		not-applicable:writing	normalized from wb1_l6_d6_e7	wb1_l6_d6_e7	greetings		false	true
wb1_l6	78	wb1_l6_d6	wb1_l6_d6_e8	speaking	shadowing	Listen and repeat exactly what you hear.	Good morning, class. How are you?	Good morning, class. How are you?	unknown		none	Good morning, class. How are you?		not-applicable:speaking	normalized from wb1_l6_d4_e1	wb1_l6_d4_e1	greetings		false	true
wb1_l6	79	wb1_l6_d6	wb1_l6_d6_e9	identification		Choose the correct answer from the dialogue.	Good morning, class.	Teacher: Good morning, class.	unknown	Good morning, teacher. | Good night, teacher. | Goodbye, teacher.	unknown	Good morning, teacher.		not-applicable:identification	normalized from wb1_l6_d4_e2	wb1_l6_d4_e2	greetings		false	true
wb1_l6	80	wb1_l6_d6	wb1_l6_d6_e10	identification		Choose the correct answer.	Good evening, Dad.	Good evening, Dad.	unknown	Good evening. | Good morning. | See you.	unknown	Good evening.		not-applicable:identification	normalized from wb1_l6_d4_e3	wb1_l6_d4_e3	greetings		false	true
wb1_l6	81	wb1_l6_d7	wb1_l6_final_v2_listen_write_1	writing	listening-writing	Listen and write exactly what you hear.	Hello!		unknown		none	Hello!		not-applicable:writing	normalized from wb1_l6_d1_e1	wb1_l6_d1_e1	greetings		true	false
wb1_l6	82	wb1_l6_d7	wb1_l6_final_v2_listen_write_2	writing	listening-writing	Listen and write exactly what you hear.	Good evening!		unknown		none	Good evening!		not-applicable:writing	normalized from wb1_l6_d5_e3	wb1_l6_d5_e3	greetings		false	true
wb1_l6	83	wb1_l6_d7	wb1_l6_final_v2_listen_write_3	writing	listening-writing	Listen and write exactly what you hear.	I am fine, thank you.		unknown		none	I am fine, thank you.		not-applicable:writing	normalized from wb1_l6_d3_e4	wb1_l6_d3_e4	alphabet		false	true
wb1_l6	84	wb1_l6_d7	wb1_l6_final_v2_listen_write_4	writing	listening-writing	Listen and write exactly what you hear.	My name is Anna.		unknown		none	My name is Anna.		not-applicable:writing	normalized from wb1_l6_d3_e5	wb1_l6_d3_e5	other		false	true
wb1_l6	85	wb1_l6_d7	wb1_l6_final_v2_listen_write_5	writing	listening-writing	Listen and write exactly what you hear.	Good afternoon, Ana.		unknown		none	Good afternoon, Ana.		not-applicable:writing	normalized from wb1_l6_d4_e4	wb1_l6_d4_e4	other		false	true
wb1_l6	86	wb1_l6_d7	wb1_l6_final_v2_listen_write_6	writing	listening-writing	Listen and write exactly what you hear.	Good morning! My name is Ben.		unknown		none	Good morning! My name is Ben.		not-applicable:writing	normalized from wb1_l6_d6_e1	wb1_l6_d6_e1	greetings		false	true
wb1_l6	87	wb1_l6_d7	wb1_l6_final_v2_listen_write_7	writing	listening-writing	Listen and write exactly what you hear.	Are Ben and Anna happy?		unknown		none	Are Ben and Anna happy?		not-applicable:writing	normalized from wb1_l6_d6_e5	wb1_l6_d6_e5	other		false	true
wb1_l6	88	wb1_l6_d7	wb1_l6_final_v2_listen_write_8	writing	listening-writing	Listen and write exactly what you hear.	See you		unknown		none	See you		not-applicable:writing	normalized from wb1_l6_d6_e2	wb1_l6_d6_e2	other		false	true
wb1_l6	89	wb1_l6_d7	wb1_l6_final_v2_shadow_1	speaking	shadowing	Listen and repeat exactly what you hear.	Good morning!		unknown		none	Good morning!		not-applicable:speaking	normalized from wb1_l6_d2_e1	wb1_l6_d2_e1	greetings		false	true
wb1_l6	90	wb1_l6_d7	wb1_l6_final_v2_shadow_2	speaking	shadowing	Listen and repeat exactly what you hear.	Nice to meet you.		unknown		none	Nice to meet you.		not-applicable:speaking	normalized from wb1_l6_d4_e5	wb1_l6_d4_e5	greetings		false	true
wb1_l6	91	wb1_l6_d7	wb1_l6_final_v2_shadow_3	speaking	shadowing	Listen and repeat exactly what you hear.	Teacher: Good morning, class. Students: Good morning, teacher. Teacher: How are you? Students: We are fine, thank you.		unknown		none	Teacher: Good morning, class. Students: Good morning, teacher. Teacher: How are you? Students: We are fine, thank you.		not-applicable:speaking	normalized from wb1_l6_d4_e1	wb1_l6_d4_e1	greetings		false	true
wb1_l6	92	wb1_l6_d7	wb1_l6_final_v2_shadow_4	speaking	shadowing	Listen and repeat exactly what you hear.	It is night. You go to bed.		unknown		none	It is night. You go to bed.		not-applicable:speaking	normalized from wb1_l6_d4_e6	wb1_l6_d4_e6	other		true	false
wb1_l6	93	wb1_l6_d7	wb1_l6_final_v2_shadow_5	speaking	shadowing	Listen and repeat exactly what you hear.	Where is Ben?		unknown		none	Where is Ben?		not-applicable:speaking	normalized from wb1_l6_d6_e3	wb1_l6_d6_e3	other		false	true
wb1_l6	94	wb1_l6_d7	wb1_l6_final_v2_shadow_6	speaking	shadowing	Listen and repeat exactly what you hear.	Good morning, teacher. Hello, friends. Goodbye. See you!		unknown		none	Good morning, teacher. Hello, friends. Goodbye. See you!		not-applicable:speaking	normalized from wb1_l6_d6_e7	wb1_l6_d6_e7	greetings		false	true
wb1_l6	95	wb1_l6_d7	wb1_l6_final_v2_speak_1	speaking	speaking	Listen and answer aloud in English.	How are you?	A: How are you? B: ______	unknown		none	I am fine, thank you.		not-applicable:speaking	normalized from wb1_l6_d5_e4	wb1_l6_d5_e4	greetings		false	true
wb1_l6	96	wb1_l6_d7	wb1_l6_final_v2_speak_2	speaking	speaking	Listen and answer aloud in English.	How are you?	How are you? ______	unknown		none	I am fine.		not-applicable:speaking	normalized from wb1_l6_d5_e5	wb1_l6_d5_e5	greetings		false	true
wb1_l6	97	wb1_l6_d7	wb1_l6_final_v2_speak_3	speaking	speaking	Listen and answer aloud in English.	Where is Ben?	fa-chalkboard-user	unknown		none	Ben is in the classroom.		not-applicable:speaking	normalized from wb1_l6_d6_e3	wb1_l6_d6_e3	other		false	true
wb1_l6	98	wb1_l6_d7	wb1_l6_final_v2_speak_4	speaking	speaking	Listen and answer aloud in English.	What does Ben say to the teacher?		unknown		none	Hello, teacher!		not-applicable:speaking	normalized from wb1_l6_d6_e4	wb1_l6_d6_e4	greetings		false	true
wb1_l6	99	wb1_l6_d7	wb1_l6_final_v2_speak_5	speaking	speaking	Listen and answer aloud in English.	Are Ben and Anna happy?		unknown		none	Yes, they are.		not-applicable:speaking	normalized from wb1_l6_d6_e5	wb1_l6_d6_e5	other		false	true
wb1_l6	100	wb1_l6_d7	wb1_l6_final_v2_speak_6	speaking	speaking	Listen and answer aloud in English.	What is the boy’s name?		unknown		none	His name is Ben.		not-applicable:speaking	normalized from wb1_l6_d6_e2	wb1_l6_d6_e2	alphabet		false	true
wb1_l7	1	wb1_l7_d1	wb1_l7_d1_e1	multiple-choice		Choose the day.	Monday		unknown	Monday | January	unknown	Monday		not-applicable:multiple-choice	normalized from wb1_l7_d1_e1	wb1_l7_d1_e1	other		true	false
wb1_l7	2	wb1_l7_d1	wb1_l7_d1_e2	multiple-choice		Choose the day.	Friday		unknown	Friday | March	unknown	Friday		not-applicable:multiple-choice	normalized from wb1_l7_d1_e2	wb1_l7_d1_e2	other		true	false
wb1_l7	3	wb1_l7_d1	wb1_l7_d1_e3	multiple-choice		Choose the month.	January		unknown	January | Tuesday	unknown	January		not-applicable:multiple-choice	normalized from wb1_l7_d1_e3	wb1_l7_d1_e3	other		true	false
wb1_l7	4	wb1_l7_d1	wb1_l7_d1_e4	multiple-choice		Choose the month.	July		unknown	July | Sunday	unknown	July		not-applicable:multiple-choice	normalized from wb1_l7_d1_e4	wb1_l7_d1_e4	other		true	false
wb1_l7	5	wb1_l7_d1	wb1_l7_d1_e5	identification		Identify the type of word.	Saturday		unknown	day | month	unknown	day		not-applicable:identification	normalized from wb1_l7_d1_e5	wb1_l7_d1_e5	other		true	false
wb1_l7	6	wb1_l7_d1	wb1_l7_d1_e6	identification		Identify the type of word.	December		unknown	month | day	unknown	month		not-applicable:identification	normalized from wb1_l7_d1_e6	wb1_l7_d1_e6	other		true	false
wb1_l7	7	wb1_l7_d1	wb1_l7_d1_e7	speaking		Listen and repeat.	Monday, Tuesday, Wednesday, Thursday, Friday, Saturday, Sunday.	Monday / Tuesday / Wednesday / Thursday / Friday / Saturday / Sunday	unknown		none	Monday, Tuesday, Wednesday, Thursday, Friday, Saturday, Sunday.		not-applicable:speaking	normalized from wb1_l7_d1_e7	wb1_l7_d1_e7	other		false	true
wb1_l7	8	wb1_l7_d1	wb1_l7_d1_e8	multiple-choice		Choose the correct sentence.	Today is Monday.		unknown	Today is Monday. | Today are Monday.	unknown	Today is Monday.		not-applicable:multiple-choice	normalized from wb1_l7_d2_e1	wb1_l7_d2_e1	other		false	true
wb1_l7	9	wb1_l7_d1	wb1_l7_d1_e9	multiple-choice		Choose the correct sentence.	It is Tuesday.		unknown	It is Tuesday. | It are Tuesday.	unknown	It is Tuesday.		not-applicable:multiple-choice	normalized from wb1_l7_d2_e2	wb1_l7_d2_e2	other		false	true
wb1_l7	10	wb1_l7_d1	wb1_l7_d1_e10	identification		Choose the correct answer.	What day is it today?		unknown	It is Wednesday. | I am Wednesday.	unknown	It is Wednesday.		not-applicable:identification	normalized from wb1_l7_d2_e3	wb1_l7_d2_e3	other		false	true
wb1_l7	11	wb1_l7_d1	wb1_l7_d1_e11	multiple-choice		Choose the correct sentence.	The month is April.		unknown	The month is April. | The month are April.	unknown	The month is April.		not-applicable:multiple-choice	normalized from wb1_l7_d2_e4	wb1_l7_d2_e4	other		false	true
wb1_l7	12	wb1_l7_d1	wb1_l7_d1_e12	writing		Write the missing word.	Today is Friday.	Today ______ Friday.	unknown		none	is		not-applicable:writing	normalized from wb1_l7_d2_e5	wb1_l7_d2_e5	other		false	true
wb1_l7	13	wb1_l7_d1	wb1_l7_d1_e13	writing		Write the missing word.	It is Sunday.	It ______ Sunday.	unknown		none	is		not-applicable:writing	normalized from wb1_l7_d2_e6	wb1_l7_d2_e6	other		false	true
wb1_l7	14	wb1_l7_d1	wb1_l7_d1_e14	speaking		Listen and repeat.	What day is it today? It is Monday.	A: What day is it today? B: It is Monday.	unknown		none	What day is it today? It is Monday.		not-applicable:speaking	normalized from wb1_l7_d2_e7	wb1_l7_d2_e7	alphabet		false	true
wb1_l7	15	wb1_l7_d1	wb1_l7_d1_e15	multiple-choice		Choose the day.	Wednesday		unknown	Wednesday | April	unknown	Wednesday		not-applicable:multiple-choice	normalized from wb1_l7_d7_e1	wb1_l7_d7_e1	other		false	true
wb1_l7	16	wb1_l7_d2	wb1_l7_d2_e1	multiple-choice		Choose the correct sentence.	Today is Monday.		unknown	Today is Monday. | Today are Monday.	unknown	Today is Monday.		not-applicable:multiple-choice	normalized from wb1_l7_d2_e1	wb1_l7_d2_e1	other		false	true
wb1_l7	17	wb1_l7_d2	wb1_l7_d2_e2	multiple-choice		Choose the correct sentence.	It is Tuesday.		unknown	It is Tuesday. | It are Tuesday.	unknown	It is Tuesday.		not-applicable:multiple-choice	normalized from wb1_l7_d2_e2	wb1_l7_d2_e2	other		false	true
wb1_l7	18	wb1_l7_d2	wb1_l7_d2_e3	identification		Choose the correct answer.	What day is it today?		unknown	It is Wednesday. | I am Wednesday.	unknown	It is Wednesday.		not-applicable:identification	normalized from wb1_l7_d2_e3	wb1_l7_d2_e3	other		false	true
wb1_l7	19	wb1_l7_d2	wb1_l7_d2_e4	multiple-choice		Choose the correct sentence.	The month is April.		unknown	The month is April. | The month are April.	unknown	The month is April.		not-applicable:multiple-choice	normalized from wb1_l7_d2_e4	wb1_l7_d2_e4	other		false	true
wb1_l7	20	wb1_l7_d2	wb1_l7_d2_e5	writing		Write the missing word.	Today is Friday.	Today ______ Friday.	unknown		none	is		not-applicable:writing	normalized from wb1_l7_d2_e5	wb1_l7_d2_e5	other		false	true
wb1_l7	21	wb1_l7_d2	wb1_l7_d2_e6	writing		Write the missing word.	It is Sunday.	It ______ Sunday.	unknown		none	is		not-applicable:writing	normalized from wb1_l7_d2_e6	wb1_l7_d2_e6	other		false	true
wb1_l7	22	wb1_l7_d2	wb1_l7_d2_e7	speaking		Listen and repeat.	What day is it today? It is Monday.	A: What day is it today? B: It is Monday.	unknown		none	What day is it today? It is Monday.		not-applicable:speaking	normalized from wb1_l7_d2_e7	wb1_l7_d2_e7	alphabet		false	true
wb1_l7	23	wb1_l7_d2	wb1_l7_d2_e8	multiple-choice		Choose the day.	Monday		unknown	Monday | January	unknown	Monday		not-applicable:multiple-choice	normalized from wb1_l7_d1_e1	wb1_l7_d1_e1	other		true	false
wb1_l7	24	wb1_l7_d2	wb1_l7_d2_e9	multiple-choice		Choose the day.	Friday		unknown	Friday | March	unknown	Friday		not-applicable:multiple-choice	normalized from wb1_l7_d1_e2	wb1_l7_d1_e2	other		true	false
wb1_l7	25	wb1_l7_d2	wb1_l7_d2_e10	multiple-choice		Choose the month.	January		unknown	January | Tuesday	unknown	January		not-applicable:multiple-choice	normalized from wb1_l7_d1_e3	wb1_l7_d1_e3	other		true	false
wb1_l7	26	wb1_l7_d2	wb1_l7_d2_e11	multiple-choice		Choose the month.	July		unknown	July | Sunday	unknown	July		not-applicable:multiple-choice	normalized from wb1_l7_d1_e4	wb1_l7_d1_e4	other		true	false
wb1_l7	27	wb1_l7_d2	wb1_l7_d2_e12	identification		Identify the type of word.	Saturday		unknown	day | month	unknown	day		not-applicable:identification	normalized from wb1_l7_d1_e5	wb1_l7_d1_e5	other		true	false
wb1_l7	28	wb1_l7_d2	wb1_l7_d2_e13	identification		Identify the type of word.	December		unknown	month | day	unknown	month		not-applicable:identification	normalized from wb1_l7_d1_e6	wb1_l7_d1_e6	other		true	false
wb1_l7	29	wb1_l7_d2	wb1_l7_d2_e14	speaking		Listen and repeat.	Monday, Tuesday, Wednesday, Thursday, Friday, Saturday, Sunday.	Monday / Tuesday / Wednesday / Thursday / Friday / Saturday / Sunday	unknown		none	Monday, Tuesday, Wednesday, Thursday, Friday, Saturday, Sunday.		not-applicable:speaking	normalized from wb1_l7_d1_e7	wb1_l7_d1_e7	other		false	true
wb1_l7	30	wb1_l7_d2	wb1_l7_d2_e15	identification		Choose the correct answer.	What day is it today?		unknown	It is Monday. | It is January.	unknown	It is Monday.		not-applicable:identification	normalized from wb1_l7_d3_e1	wb1_l7_d3_e1	other		false	true
wb1_l7	31	wb1_l7_d3	wb1_l7_d3_e1	identification		Choose the correct answer.	What day is it today?		unknown	It is Monday. | It is January.	unknown	It is Monday.		not-applicable:identification	normalized from wb1_l7_d3_e1	wb1_l7_d3_e1	other		false	true
wb1_l7	32	wb1_l7_d3	wb1_l7_d3_e2	identification		Choose the correct answer.	What month is it?		unknown	It is March. | It is Tuesday.	unknown	It is March.		not-applicable:identification	normalized from wb1_l7_d3_e2	wb1_l7_d3_e2	other		false	true
wb1_l7	33	wb1_l7_d3	wb1_l7_d3_e3	multiple-choice		Choose the correct question.	It is Saturday.		unknown	What day is it? | What month is it?	unknown	What day is it?		not-applicable:multiple-choice	normalized from wb1_l7_d3_e3	wb1_l7_d3_e3	other		false	true
wb1_l7	34	wb1_l7_d3	wb1_l7_d3_e4	multiple-choice		Choose the correct question.	It is October.		unknown	What month is it? | What day is it?	unknown	What month is it?		not-applicable:multiple-choice	normalized from wb1_l7_d3_e4	wb1_l7_d3_e4	other		false	true
wb1_l7	35	wb1_l7_d3	wb1_l7_d3_e5	writing		Write any day of the week.	What day is it today?	What day is it today? ______	unknown		none	It is Monday.		not-applicable:writing	normalized from wb1_l7_d3_e5	wb1_l7_d3_e5	other		false	true
wb1_l7	36	wb1_l7_d3	wb1_l7_d3_e6	writing		Write any month of the year.	What month is it?	What month is it? ______	unknown		none	It is January.		not-applicable:writing	normalized from wb1_l7_d3_e6	wb1_l7_d3_e6	other		false	true
wb1_l7	37	wb1_l7_d3	wb1_l7_d3_e7	speaking		Ask and answer.	What month is it? It is January.	A: What month is it? B: It is January.	unknown		none	What month is it? It is January.		not-applicable:speaking	normalized from wb1_l7_d3_e7	wb1_l7_d3_e7	alphabet		false	true
wb1_l7	38	wb1_l7_d3	wb1_l7_d3_e8	multiple-choice		Choose the day.	Monday		unknown	Monday | January	unknown	Monday		not-applicable:multiple-choice	normalized from wb1_l7_d1_e1	wb1_l7_d1_e1	other		true	false
wb1_l7	39	wb1_l7_d3	wb1_l7_d3_e9	multiple-choice		Choose the day.	Friday		unknown	Friday | March	unknown	Friday		not-applicable:multiple-choice	normalized from wb1_l7_d1_e2	wb1_l7_d1_e2	other		true	false
wb1_l7	40	wb1_l7_d3	wb1_l7_d3_e10	multiple-choice		Choose the month.	January		unknown	January | Tuesday	unknown	January		not-applicable:multiple-choice	normalized from wb1_l7_d1_e3	wb1_l7_d1_e3	other		true	false
wb1_l7	41	wb1_l7_d3	wb1_l7_d3_e11	multiple-choice		Choose the month.	July		unknown	July | Sunday	unknown	July		not-applicable:multiple-choice	normalized from wb1_l7_d1_e4	wb1_l7_d1_e4	other		true	false
wb1_l7	42	wb1_l7_d3	wb1_l7_d3_e12	identification		Identify the type of word.	Saturday		unknown	day | month	unknown	day		not-applicable:identification	normalized from wb1_l7_d1_e5	wb1_l7_d1_e5	other		true	false
wb1_l7	43	wb1_l7_d3	wb1_l7_d3_e13	identification		Identify the type of word.	December		unknown	month | day	unknown	month		not-applicable:identification	normalized from wb1_l7_d1_e6	wb1_l7_d1_e6	other		true	false
wb1_l7	44	wb1_l7_d3	wb1_l7_d3_e14	speaking		Listen and repeat.	Monday, Tuesday, Wednesday, Thursday, Friday, Saturday, Sunday.	Monday / Tuesday / Wednesday / Thursday / Friday / Saturday / Sunday	unknown		none	Monday, Tuesday, Wednesday, Thursday, Friday, Saturday, Sunday.		not-applicable:speaking	normalized from wb1_l7_d1_e7	wb1_l7_d1_e7	other		false	true
wb1_l7	45	wb1_l7_d3	wb1_l7_d3_e15	multiple-choice		Choose the day.	Wednesday		unknown	Wednesday | April	unknown	Wednesday		not-applicable:multiple-choice	normalized from wb1_l7_d7_e1	wb1_l7_d7_e1	other		false	true
wb1_l7	46	wb1_l7_d4	wb1_l7_d4_e1	speaking	shadowing	Listen and repeat.	What day is it today? It is Monday.	What day is it today? It is Monday.	unknown		none	What day is it today? It is Monday.		not-applicable:speaking	normalized from wb1_l7_d4_e1	wb1_l7_d4_e1	other		false	true
wb1_l7	47	wb1_l7_d4	wb1_l7_d4_e2	identification		Choose the correct answer from the dialogue.	What day is it today?		unknown	It is Monday. | It is January.	unknown	It is Monday.		not-applicable:identification	normalized from wb1_l7_d4_e2	wb1_l7_d4_e2	other		false	true
wb1_l7	48	wb1_l7_d4	wb1_l7_d4_e3	identification		Choose the correct answer from the dialogue.	What month is it?		unknown	It is January. | It is Monday.	unknown	It is January.		not-applicable:identification	normalized from wb1_l7_d4_e3	wb1_l7_d4_e3	other		false	true
wb1_l7	49	wb1_l7_d4	wb1_l7_d4_e4	speaking		Listen and repeat.	January first	January first	unknown		none	January first		not-applicable:speaking	normalized from wb1_l7_d4_e4	wb1_l7_d4_e4	other		false	true
wb1_l7	50	wb1_l7_d4	wb1_l7_d4_e5	writing		Write the missing word.	It is January first.	It is January ______.	unknown		none	first		not-applicable:writing	normalized from wb1_l7_d4_e5	wb1_l7_d4_e5	other		false	true
wb1_l7	51	wb1_l7_d4	wb1_l7_d4_e6	writing		Write the missing word.	It is February second.	It is February ______.	unknown		none	second		not-applicable:writing	normalized from wb1_l7_d4_e6	wb1_l7_d4_e6	other		false	true
wb1_l7	52	wb1_l7_d4	wb1_l7_d4_e7	speaking		Listen and repeat.	It is March third.	March 3rd: It is ______.	mixed		none	It is March third.		not-applicable:speaking	normalized from wb1_l7_d4_e7	wb1_l7_d4_e7	other		false	true
wb1_l7	53	wb1_l7_d4	wb1_l7_d4_e8	speaking	speaking	Listen and repeat.	Monday	Today is ______.	unknown		none	Monday		not-applicable:speaking	normalized from wb1_l7_d5_e1	wb1_l7_d5_e1	other		false	true
wb1_l7	54	wb1_l7_d4	wb1_l7_d4_e9	speaking	speaking	Listen and repeat.	April	The month is ______.	unknown		none	April		not-applicable:speaking	normalized from wb1_l7_d5_e2	wb1_l7_d5_e2	other		false	true
wb1_l7	55	wb1_l7_d4	wb1_l7_d4_e10	speaking	speaking	Listen and repeat.	What day is it today?	A: What day is it today? B: It is ______.	unknown		none	It is Friday.		not-applicable:speaking	normalized from wb1_l7_d5_e3	wb1_l7_d5_e3	alphabet		false	true
wb1_l7	56	wb1_l7_d5	wb1_l7_d5_e1	speaking	speaking	Listen and say the day.	Monday	Today is ______.	unknown		none	Monday		not-applicable:speaking	normalized from wb1_l7_d5_e1	wb1_l7_d5_e1	other		false	true
wb1_l7	57	wb1_l7_d5	wb1_l7_d5_e2	speaking	speaking	Listen and say the month.	April	The month is ______.	unknown		none	April		not-applicable:speaking	normalized from wb1_l7_d5_e2	wb1_l7_d5_e2	other		false	true
wb1_l7	58	wb1_l7_d5	wb1_l7_d5_e3	speaking	speaking	Answer with any day of the week.	What day is it today?	A: What day is it today? B: It is ______.	unknown		none	It is Friday.		not-applicable:speaking	normalized from wb1_l7_d5_e3	wb1_l7_d5_e3	alphabet		false	true
wb1_l7	59	wb1_l7_d5	wb1_l7_d5_e4	speaking	speaking	Answer with any month of the year.	What month is it?	A: What month is it? B: It is ______.	unknown		none	It is May.		not-applicable:speaking	normalized from wb1_l7_d5_e4	wb1_l7_d5_e4	alphabet		false	true
wb1_l7	60	wb1_l7_d5	wb1_l7_d5_e5	writing		Write any day of the week.	What day is it today?	What day is it today? ______	unknown		none	It is Sunday.		not-applicable:writing	normalized from wb1_l7_d5_e5	wb1_l7_d5_e5	other		false	true
wb1_l7	61	wb1_l7_d5	wb1_l7_d5_e6	writing		Write a short answer.	What is the date?	What is the date? ______	unknown		none	It is June fourth.		not-applicable:writing	normalized from wb1_l7_d5_e6	wb1_l7_d5_e6	alphabet		false	true
wb1_l7	62	wb1_l7_d5	wb1_l7_d5_e7	speaking		Make a short conversation.	Hello! What day is it today? It is Wednesday. What month is it? It is June.	A: Hello! B: Hi! A: What day is it today? B: It is Wednesday. A: What month is it? B: It is June.	unknown		none	Hello! What day is it today? It is Wednesday. What month is it? It is June.		not-applicable:speaking	normalized from wb1_l7_d5_e7	wb1_l7_d5_e7	greetings		false	true
wb1_l7	63	wb1_l7_d5	wb1_l7_d5_e8	speaking	shadowing	Listen and repeat exactly what you hear.	Today is Monday. The month is January.	Reading: The Calendar in Class	unknown		none	Today is Monday. The month is January.		not-applicable:speaking	normalized from wb1_l7_d6_e1	wb1_l7_d6_e1	other		false	true
wb1_l7	64	wb1_l7_d5	wb1_l7_d5_e9	multiple-choice		Answer the question.	What day is it?		unknown	Monday | Friday	unknown	Monday		not-applicable:multiple-choice	normalized from wb1_l7_d6_e2	wb1_l7_d6_e2	other		false	true
wb1_l7	65	wb1_l7_d5	wb1_l7_d5_e10	multiple-choice		Answer the question.	What month is it?		unknown	January | March	unknown	January		not-applicable:multiple-choice	normalized from wb1_l7_d6_e3	wb1_l7_d6_e3	other		false	true
wb1_l7	66	wb1_l7_d5	wb1_l7_d5_e11	multiple-choice		Answer the question.	What is the date?		unknown	January first | March first	unknown	January first		not-applicable:multiple-choice	normalized from wb1_l7_d6_e4	wb1_l7_d6_e4	other		false	true
wb1_l7	67	wb1_l7_d5	wb1_l7_d5_e12	identification		Choose the correct answer.	When is Anna’s birthday?		unknown	In March | In January	unknown	In March		not-applicable:identification	normalized from wb1_l7_d6_e5	wb1_l7_d6_e5	alphabet		false	true
wb1_l7	68	wb1_l7_d5	wb1_l7_d5_e13	identification		Choose the correct answer.	When is Lucas’s birthday?		unknown	In July | In May	unknown	In July		not-applicable:identification	normalized from wb1_l7_d6_e6	wb1_l7_d6_e6	alphabet		false	true
wb1_l7	69	wb1_l7_d5	wb1_l7_d5_e14	writing		Write the missing word.	The students are happy.	The students are ______.	unknown		none	happy		not-applicable:writing	normalized from wb1_l7_d6_e7	wb1_l7_d6_e7	other		false	true
wb1_l7	70	wb1_l7_d5	wb1_l7_d5_e15	multiple-choice		Choose the correct sentence.	Today is Monday.		unknown	Today is Monday. | Today are Monday.	unknown	Today is Monday.		not-applicable:multiple-choice	normalized from wb1_l7_d2_e1	wb1_l7_d2_e1	other		false	true
wb1_l7	71	wb1_l7_d6	wb1_l7_d6_e1	speaking	shadowing	Listen and repeat exactly what you hear.	Today is Monday. The month is January.	Reading: The Calendar in Class	unknown		none	Today is Monday. The month is January.		not-applicable:speaking	normalized from wb1_l7_d6_e1	wb1_l7_d6_e1	other		false	true
wb1_l7	72	wb1_l7_d6	wb1_l7_d6_e2	writing		Write the question in English.		Que dia é hoje?	unknown		none	What day is it?		not-applicable:writing	normalized from wb1_l7_d6_e2	wb1_l7_d6_e2	other		false	true
wb1_l7	73	wb1_l7_d6	wb1_l7_d6_e3	writing		Write the question in English.		Que mês é?	unknown		none	What month is it?		not-applicable:writing	normalized from wb1_l7_d6_e3	wb1_l7_d6_e3	alphabet		false	true
wb1_l7	74	wb1_l7_d6	wb1_l7_d6_e4	writing		Write the question in English.		Qual é a data?	unknown		none	What is the date?		not-applicable:writing	normalized from wb1_l7_d6_e4	wb1_l7_d6_e4	alphabet		false	true
wb1_l7	75	wb1_l7_d6	wb1_l7_d6_e5	writing		Write the question in English.		Quando é o aniversário da Anna?	unknown		none	When is Anna’s birthday?		not-applicable:writing	normalized from wb1_l7_d6_e5	wb1_l7_d6_e5	alphabet		false	true
wb1_l7	76	wb1_l7_d6	wb1_l7_d6_e6	writing		Write the question in English.		Quando é o aniversário do Lucas?	unknown		none	When is Lucas’s birthday?		not-applicable:writing	normalized from wb1_l7_d6_e6	wb1_l7_d6_e6	alphabet		false	true
wb1_l7	77	wb1_l7_d6	wb1_l7_d6_e7	writing		Write the missing word.	The students are happy.	The students are ______.	unknown		none	happy		not-applicable:writing	normalized from wb1_l7_d6_e7	wb1_l7_d6_e7	other		false	true
wb1_l7	78	wb1_l7_d6	wb1_l7_d6_e8	speaking	shadowing	Listen and repeat exactly what you hear.	What day is it today? It is Monday.	What day is it today? It is Monday.	unknown		none	What day is it today? It is Monday.		not-applicable:speaking	normalized from wb1_l7_d4_e1	wb1_l7_d4_e1	other		false	true
wb1_l7	79	wb1_l7_d6	wb1_l7_d6_e9	writing		Write the question in English.		Que dia é hoje?	unknown		none	What day is it today?		not-applicable:writing	normalized from wb1_l7_d4_e2	wb1_l7_d4_e2	other		false	true
wb1_l7	80	wb1_l7_d6	wb1_l7_d6_e10	writing		Write the question in English.		Que mês é?	unknown		none	What month is it?		not-applicable:writing	normalized from wb1_l7_d4_e3	wb1_l7_d4_e3	alphabet		false	true
wb1_l7	81	wb1_l7_d7	wb1_l7_final_v2_listen_write_1	writing	listening-writing	Listen and write exactly what you hear.	Monday		unknown		none	Monday		not-applicable:writing	normalized from wb1_l7_d6_e2	wb1_l7_d6_e2	other		false	true
wb1_l7	82	wb1_l7_d7	wb1_l7_final_v2_listen_write_2	writing	listening-writing	Listen and write exactly what you hear.	December		unknown		none	December		not-applicable:writing	normalized from wb1_l7_d1_e6	wb1_l7_d1_e6	other		true	false
wb1_l7	83	wb1_l7_d7	wb1_l7_final_v2_listen_write_3	writing	listening-writing	Listen and write exactly what you hear.	The month is April.		unknown		none	The month is April.		not-applicable:writing	normalized from wb1_l7_d2_e4	wb1_l7_d2_e4	other		false	true
wb1_l7	84	wb1_l7_d7	wb1_l7_final_v2_listen_write_4	writing	listening-writing	Listen and write exactly what you hear.	What month is it?		unknown		none	What month is it?		not-applicable:writing	normalized from wb1_l7_d6_e3	wb1_l7_d6_e3	other		false	true
wb1_l7	85	wb1_l7_d7	wb1_l7_final_v2_listen_write_5	writing	listening-writing	Listen and write exactly what you hear.	January first		unknown		none	January first		not-applicable:writing	normalized from wb1_l7_d6_e4	wb1_l7_d6_e4	other		false	true
wb1_l7	86	wb1_l7_d7	wb1_l7_final_v2_listen_write_6	writing	listening-writing	Listen and write exactly what you hear.	April		unknown		none	April		not-applicable:writing	normalized from wb1_l7_d5_e2	wb1_l7_d5_e2	other		false	true
wb1_l7	87	wb1_l7_d7	wb1_l7_final_v2_listen_write_7	writing	listening-writing	Listen and write exactly what you hear.	What day is it?		unknown		none	What day is it?		not-applicable:writing	normalized from wb1_l7_d6_e2	wb1_l7_d6_e2	other		false	true
wb1_l7	88	wb1_l7_d7	wb1_l7_final_v2_listen_write_8	writing	listening-writing	Listen and write exactly what you hear.	In March		unknown		none	In March		not-applicable:writing	normalized from wb1_l7_d6_e5	wb1_l7_d6_e5	other		false	true
wb1_l7	89	wb1_l7_d7	wb1_l7_final_v2_shadow_1	speaking	shadowing	Listen and repeat exactly what you hear.	Monday, Tuesday, Wednesday, Thursday, Friday, Saturday, Sunday.		unknown		none	Monday, Tuesday, Wednesday, Thursday, Friday, Saturday, Sunday.		not-applicable:speaking	normalized from wb1_l7_d1_e7	wb1_l7_d1_e7	other		false	true
wb1_l7	90	wb1_l7_d7	wb1_l7_final_v2_shadow_2	speaking	shadowing	Listen and repeat exactly what you hear.	Today is Friday.		unknown		none	Today is Friday.		not-applicable:speaking	normalized from wb1_l7_d2_e5	wb1_l7_d2_e5	other		false	true
wb1_l7	91	wb1_l7_d7	wb1_l7_final_v2_shadow_3	speaking	shadowing	Listen and repeat exactly what you hear.	It is October.		unknown		none	It is October.		not-applicable:speaking	normalized from wb1_l7_d3_e4	wb1_l7_d3_e4	other		false	true
wb1_l7	92	wb1_l7_d7	wb1_l7_final_v2_shadow_4	speaking	shadowing	Listen and repeat exactly what you hear.	It is February second.		unknown		none	It is February second.		not-applicable:speaking	normalized from wb1_l7_d4_e6	wb1_l7_d4_e6	other		false	true
wb1_l7	93	wb1_l7_d7	wb1_l7_final_v2_shadow_5	speaking	shadowing	Listen and repeat exactly what you hear.	What day is it?		unknown		none	What day is it?		not-applicable:speaking	normalized from wb1_l7_d6_e2	wb1_l7_d6_e2	other		false	true
wb1_l7	94	wb1_l7_d7	wb1_l7_final_v2_shadow_6	speaking	shadowing	Listen and repeat exactly what you hear.	In March		unknown		none	In March		not-applicable:speaking	normalized from wb1_l7_d6_e5	wb1_l7_d6_e5	other		false	true
wb1_l7	95	wb1_l7_d7	wb1_l7_final_v2_speak_1	speaking	speaking	Listen and answer aloud in English.	What day is it today?		unknown		none	It is Wednesday.		not-applicable:speaking	normalized from wb1_l7_d2_e3	wb1_l7_d2_e3	other		false	true
wb1_l7	96	wb1_l7_d7	wb1_l7_final_v2_speak_2	speaking	speaking	Listen and answer aloud in English.	It is the first month of the year. What month is it?		unknown		none	It is January.		not-applicable:speaking	normalized from wb1_l7_d3_e6	wb1_l7_d3_e6	other		false	true
wb1_l7	97	wb1_l7_d7	wb1_l7_final_v2_speak_3	speaking	speaking	Listen and answer aloud in English.	It comes after April. What month is it?		unknown		none	It is May.		not-applicable:speaking	normalized from wb1_l7_d5_e4	wb1_l7_d5_e4	other		false	true
wb1_l7	98	wb1_l7_d7	wb1_l7_final_v2_speak_4	speaking	speaking	Listen and answer aloud in English.	What day is it?		unknown		none	Monday		not-applicable:speaking	normalized from wb1_l7_d6_e2	wb1_l7_d6_e2	other		false	true
wb1_l7	99	wb1_l7_d7	wb1_l7_final_v2_speak_5	speaking	speaking	Listen and answer aloud in English.	What is the date?		unknown		none	January first		not-applicable:speaking	normalized from wb1_l7_d6_e4	wb1_l7_d6_e4	other		false	true
wb1_l7	100	wb1_l7_d7	wb1_l7_final_v2_speak_6	speaking	speaking	Listen and answer aloud in English.	When is Anna’s birthday?		unknown		none	In March		not-applicable:speaking	normalized from wb1_l7_d6_e5	wb1_l7_d6_e5	alphabet		false	true
wb1_l8	1	wb1_l8_d1	wb1_l8_d1_e1	identification		Choose the correct contraction.	I am ready.		unknown	I'm ready. | I's ready. | I ready. | I are ready.	unknown	I'm ready.		not-applicable:identification	wb1_l8_d1_e1		alphabet		true	false
wb1_l8	2	wb1_l8_d1	wb1_l8_d1_e2	identification		Choose the correct contraction.	You are with your friends.		unknown	You's with your friends. | You're with your friends. | You with your friends. | You is with your friends.	unknown	You're with your friends.		not-applicable:identification	wb1_l8_d1_e2		other		true	false
wb1_l8	3	wb1_l8_d1	wb1_l8_d1_e3	identification		Choose the correct contraction.	He is the guide.		unknown	He are the guide. | He'm the guide. | He's the guide. | He the guide.	unknown	He's the guide.		not-applicable:identification	wb1_l8_d1_e3		alphabet		true	false
wb1_l8	4	wb1_l8_d1	wb1_l8_d1_e4	identification		Choose the correct contraction.	She is our teacher.		unknown	She our teacher. | She are our teacher. | She'm our teacher. | She's our teacher.	unknown	She's our teacher.		not-applicable:identification	wb1_l8_d1_e4		alphabet		true	false
wb1_l8	5	wb1_l8_d1	wb1_l8_d1_e5	identification		Choose the correct contraction.	It is a zebra.		unknown	It's a zebra. | Its a zebra. | It a zebra. | It're a zebra.	unknown	It's a zebra.		not-applicable:identification	wb1_l8_d1_e5		alphabet		true	false
wb1_l8	6	wb1_l8_d1	wb1_l8_d1_e6	identification		Choose the correct contraction.	We are at the zoo.		unknown	We's at the zoo. | We're at the zoo. | We at the zoo. | We is at the zoo.	unknown	We're at the zoo.		not-applicable:identification	wb1_l8_d1_e6		other		true	false
wb1_l8	7	wb1_l8_d1	wb1_l8_d1_e7	identification		Choose the correct contraction.	They are happy today.		unknown	They is happy today. | They's happy today. | They're happy today. | They happy today.	unknown	They're happy today.		not-applicable:identification	wb1_l8_d1_e7		other		true	false
wb1_l8	8	wb1_l8_d1	wb1_l8_d1_e8	multiple-choice		Choose the matching full form.	I'm eleven.		unknown	I is eleven. | I are eleven. | I eleven. | I am eleven.	unknown	I am eleven.		not-applicable:multiple-choice	wb1_l8_d1_e8		alphabet		false	true
wb1_l8	9	wb1_l8_d1	wb1_l8_d1_e9	multiple-choice		Choose the matching full form.	You're my friend.		unknown	You are my friend. | You is my friend. | You am my friend. | You my friend.	unknown	You are my friend.		not-applicable:multiple-choice	wb1_l8_d1_e9		other		false	true
wb1_l8	10	wb1_l8_d1	wb1_l8_d1_e10	multiple-choice		Choose the matching full form.	He's strong.		unknown	He are strong. | He is strong. | She is strong. | He strong.	unknown	He is strong.		not-applicable:multiple-choice	wb1_l8_d1_e10		alphabet		false	true
wb1_l8	11	wb1_l8_d1	wb1_l8_d1_e11	multiple-choice		Choose the matching full form.	She's beside a tall tree.		unknown	She are beside a tall tree. | He is beside a tall tree. | She is beside a tall tree. | She beside a tall tree.	unknown	She is beside a tall tree.		not-applicable:multiple-choice	wb1_l8_d1_e11		alphabet		false	true
wb1_l8	12	wb1_l8_d1	wb1_l8_d1_e12	writing		Write the contracted form.	We are ready to see an animal.	Contract the sentence: We are ready to see an animal.	unknown		none	We're ready to see an animal.		not-applicable:writing	wb1_l8_d1_e12		other		false	true
wb1_l8	13	wb1_l8_d1	wb1_l8_d1_e13	writing		Write the contracted form.	They are at the zoo today.	Contract the sentence: They are at the zoo today.	unknown		none	They're at the zoo today.		not-applicable:writing	wb1_l8_d1_e13		other		false	true
wb1_l8	14	wb1_l8_d1	wb1_l8_d1_e14	speaking	shadowing	Listen and repeat the contractions.	It's Tuesday, and we're ready.	It's Tuesday, and we're ready.	unknown		none	It's Tuesday, and we're ready.		not-applicable:speaking	wb1_l8_d1_e14		alphabet		false	true
wb1_l8	15	wb1_l8_d1	wb1_l8_d1_e15	speaking	shadowing	Listen and repeat the natural spoken pattern.	I'm Anna. He's Ben, and they're my friends.	I'm Anna. He's Ben, and they're my friends.	unknown		none	I'm Anna. He's Ben, and they're my friends.		not-applicable:speaking	wb1_l8_d1_e15		alphabet		false	true
wb1_l8	16	wb1_l8_d2	wb1_l8_d2_e1	multiple-choice		Choose the standard negative form.	I am not tired.		unknown	I'm not tired. | I amn't tired. | I isn't tired. | I aren't tired.	unknown	I'm not tired.		not-applicable:multiple-choice	wb1_l8_d2_e1		alphabet		true	false
wb1_l8	17	wb1_l8_d2	wb1_l8_d2_e2	multiple-choice		Choose the correct negative contraction.	You are not late.		unknown	You isn't late. | You aren't late. | You am not late. | You not late.	unknown	You aren't late.		not-applicable:multiple-choice	wb1_l8_d2_e2		alphabet		true	false
wb1_l8	18	wb1_l8_d2	wb1_l8_d2_e3	multiple-choice		Choose the correct negative contraction.	Lucas is not afraid.		unknown	Lucas aren't afraid. | Lucas not afraid. | Lucas isn't afraid. | Lucas amn't afraid.	unknown	Lucas isn't afraid.		not-applicable:multiple-choice	wb1_l8_d2_e3		alphabet		true	false
wb1_l8	19	wb1_l8_d2	wb1_l8_d2_e4	multiple-choice		Choose the correct negative contraction.	Emily is not at the entrance.		unknown	Emily aren't at the entrance. | Emily not at the entrance. | Emily am not at the entrance. | Emily isn't at the entrance.	unknown	Emily isn't at the entrance.		not-applicable:multiple-choice	wb1_l8_d2_e4		alphabet		true	false
wb1_l8	20	wb1_l8_d2	wb1_l8_d2_e5	multiple-choice		Choose the correct negative contraction.	The lion is not small.		unknown	The lion isn't small. | The lion aren't small. | The lion not small. | The lion am not small.	unknown	The lion isn't small.		not-applicable:multiple-choice	wb1_l8_d2_e5		alphabet		true	false
wb1_l8	21	wb1_l8_d2	wb1_l8_d2_e6	multiple-choice		Choose the correct negative contraction.	We are not at school.		unknown	We isn't at school. | We aren't at school. | We not at school. | We am not at school.	unknown	We aren't at school.		not-applicable:multiple-choice	wb1_l8_d2_e6		alphabet		true	false
wb1_l8	22	wb1_l8_d2	wb1_l8_d2_e7	multiple-choice		Choose the correct negative contraction.	They are not tired.		unknown	They isn't tired. | They not tired. | They aren't tired. | They am not tired.	unknown	They aren't tired.		not-applicable:multiple-choice	wb1_l8_d2_e7		alphabet		true	false
wb1_l8	23	wb1_l8_d2	wb1_l8_d2_e8	multiple-choice		Choose the other standard negative contraction.	She isn't late.		unknown	She aren't late. | She's no late. | She not late. | She's not late.	unknown	She's not late.		not-applicable:multiple-choice	wb1_l8_d2_e8		alphabet		false	true
wb1_l8	24	wb1_l8_d2	wb1_l8_d2_e9	multiple-choice		Choose the other standard negative contraction.	We aren't tired.		unknown	We're not tired. | We isn't tired. | We're no tired. | We not tired.	unknown	We're not tired.		not-applicable:multiple-choice	wb1_l8_d2_e9		alphabet		false	true
wb1_l8	25	wb1_l8_d2	wb1_l8_d2_e10	multiple-choice		Choose the other standard negative contraction.	They aren't at the entrance.		unknown	They isn't at the entrance. | They're not at the entrance. | They're no at the entrance. | They not at the entrance.	unknown	They're not at the entrance.		not-applicable:multiple-choice	wb1_l8_d2_e10		alphabet		false	true
wb1_l8	26	wb1_l8_d2	wb1_l8_d2_e11	writing		Write a standard negative form.	Lucas is not afraid.	Write a correct standard negative form for: Lucas is not afraid.	unknown		none	Lucas isn't afraid.		not-applicable:writing	wb1_l8_d2_e11		alphabet		false	true
wb1_l8	27	wb1_l8_d2	wb1_l8_d2_e12	writing		Write a standard negative form.	They are not late.	Write a correct standard negative form for: They are not late.	unknown		none	They aren't late.		not-applicable:writing	wb1_l8_d2_e12		alphabet		false	true
wb1_l8	28	wb1_l8_d2	wb1_l8_d2_e13	writing		Write a contracted negative form.	Emily is not at the entrance.	Contract the negative: Emily is not at the entrance.	unknown		none	Emily isn't at the entrance.		not-applicable:writing	wb1_l8_d2_e13		alphabet		false	true
wb1_l8	29	wb1_l8_d2	wb1_l8_d2_e14	speaking	shadowing	Listen and repeat the standard negatives.	I'm not tired, and Lucas isn't afraid.	I'm not tired, and Lucas isn't afraid.	unknown		none	I'm not tired, and Lucas isn't afraid.		not-applicable:speaking	wb1_l8_d2_e14		alphabet		false	true
wb1_l8	30	wb1_l8_d2	wb1_l8_d2_e15	speaking	shadowing	Listen and repeat the standard negatives.	We aren't late, and they aren't tired.	We aren't late, and they aren't tired.	unknown		none	We aren't late, and they aren't tired.		not-applicable:speaking	wb1_l8_d2_e15		alphabet		false	true
wb1_l8	31	wb1_l8_d3	wb1_l8_d3_e1	multiple-choice		Choose the correct short answer.	Are you ready?		unknown	Yes, I am. | Yes, I is. | Yes, I'm. | Yes, you are.	unknown	Yes, I am.		not-applicable:multiple-choice	wb1_l8_d3_e1		alphabet		false	true
wb1_l8	32	wb1_l8_d3	wb1_l8_d3_e2	multiple-choice		Choose the correct short answer.	Are you tired?		unknown	No, I am. | No, I'm not. | No, I isn't. | No, you are not.	unknown	No, I'm not.		not-applicable:multiple-choice	wb1_l8_d3_e2		alphabet		false	true
wb1_l8	33	wb1_l8_d3	wb1_l8_d3_e3	multiple-choice		Choose the correct short answer.	Is Lucas afraid?		unknown	No, he are not. | No, he's. | No, he isn't. | No, I am not.	unknown	No, he isn't.		not-applicable:multiple-choice	wb1_l8_d3_e3		alphabet		false	true
wb1_l8	34	wb1_l8_d3	wb1_l8_d3_e4	multiple-choice		Choose the correct short answer.	Is Emily near a giraffe?		unknown	Yes, she are. | Yes, he is. | Yes, she's. | Yes, she is.	unknown	Yes, she is.		not-applicable:multiple-choice	wb1_l8_d3_e4		alphabet		false	true
wb1_l8	35	wb1_l8_d3	wb1_l8_d3_e5	multiple-choice		Choose the correct short answer.	Is it a beautiful zebra?		unknown	Yes, it is. | Yes, it are. | Yes, it's. | Yes, zebra.	unknown	Yes, it is.		not-applicable:multiple-choice	wb1_l8_d3_e5		alphabet		false	true
wb1_l8	36	wb1_l8_d3	wb1_l8_d3_e6	multiple-choice		Choose the correct short answer.	Are we late?		unknown	No, we is not. | No, we aren't. | No, we're. | No, they are not.	unknown	No, we aren't.		not-applicable:multiple-choice	wb1_l8_d3_e6		alphabet		false	true
wb1_l8	37	wb1_l8_d3	wb1_l8_d3_e7	multiple-choice		Choose the correct short answer.	Are they at the zoo?		unknown	Yes, they is. | Yes, they're. | Yes, they are. | Yes, we are.	unknown	Yes, they are.		not-applicable:multiple-choice	wb1_l8_d3_e7		other		false	true
wb1_l8	38	wb1_l8_d3	wb1_l8_d3_e8	writing		Write a complete short answer.		Answer the question: Are Anna and Ben ready?	unknown		none	Yes, they are.		not-applicable:writing	wb1_l8_d3_e8		alphabet		false	true
wb1_l8	39	wb1_l8_d3	wb1_l8_d3_e9	writing		Write a standard negative answer.	Is Lucas afraid? No, he is not.	Answer with a standard negative form: Is Lucas afraid?	unknown		none	No, he isn't.		not-applicable:writing	wb1_l8_d3_e9		alphabet		false	true
wb1_l8	40	wb1_l8_d3	wb1_l8_d3_e10	writing		Write a complete short answer.		Answer the question: Is Emily near the giraffes?	unknown		none	Yes, she is.		not-applicable:writing	wb1_l8_d3_e10		alphabet		false	true
wb1_l8	41	wb1_l8_d3	wb1_l8_d3_e11	writing		Write a contracted negative answer.	Are the students late? No, they are not.	Answer with a contraction: Are the students late?	unknown		none	No, they aren't.		not-applicable:writing	wb1_l8_d3_e11		alphabet		false	true
wb1_l8	42	wb1_l8_d3	wb1_l8_d3_e12	speaking	shadowing	Listen, then ask and answer aloud.	Are you ready? Yes, I am.	Are you ready? Yes, I am.	unknown		none	Are you ready? Yes, I am.		not-applicable:speaking	wb1_l8_d3_e12		alphabet		false	true
wb1_l8	43	wb1_l8_d3	wb1_l8_d3_e13	speaking	shadowing	Listen, then ask and answer aloud.	Is Lucas afraid? No, he isn't.	Is Lucas afraid? No, he isn't.	unknown		none	Is Lucas afraid? No, he isn't.		not-applicable:speaking	wb1_l8_d3_e13		alphabet		false	true
wb1_l8	44	wb1_l8_d3	wb1_l8_d3_e14	speaking	shadowing	Listen, then ask and answer aloud.	Is Emily near the giraffes? Yes, she is.	Is Emily near the giraffes? Yes, she is.	unknown		none	Is Emily near the giraffes? Yes, she is.		not-applicable:speaking	wb1_l8_d3_e14		other		false	true
wb1_l8	45	wb1_l8_d3	wb1_l8_d3_e15	speaking	shadowing	Listen, then ask and answer aloud.	Are they late? No, they aren't.	Are they late? No, they aren't.	unknown		none	Are they late? No, they aren't.		not-applicable:speaking	wb1_l8_d3_e15		alphabet		false	true
wb1_l8	46	wb1_l8_d4	wb1_l8_d4_e1	multiple-choice		Choose the standard question tag after I'm.	I'm right, ___?		unknown	aren't I? | amn't I? | do I? | isn't I?	unknown	aren't I?		not-applicable:multiple-choice	wb1_l8_d4_e1		alphabet		false	true
wb1_l8	47	wb1_l8_d4	wb1_l8_d4_e2	multiple-choice		Choose the standard question tag after I'm.	I'm late, ___?		unknown	amn't I? | aren't I? | isn't I? | are I?	unknown	aren't I?		not-applicable:multiple-choice	wb1_l8_d4_e2		alphabet		false	true
wb1_l8	48	wb1_l8_d4	wb1_l8_d4_e3	multiple-choice		Choose the standard question tag after I'm.	I'm your friend, ___?		unknown	amn't I? | are I? | aren't I? | isn't I?	unknown	aren't I?		not-applicable:multiple-choice	wb1_l8_d4_e3		alphabet		false	true
wb1_l8	49	wb1_l8_d4	wb1_l8_d4_e4	multiple-choice		Choose the standard question tag after I'm.	I'm in the correct classroom, ___?		unknown	amn't I? | isn't I? | are I? | aren't I?	unknown	aren't I?		not-applicable:multiple-choice	wb1_l8_d4_e4		alphabet		false	true
wb1_l8	50	wb1_l8_d4	wb1_l8_d4_e5	writing		Write the fixed standard question tag.	I'm with the group, aren't I?	Complete the standard question tag: I'm with the group, ______	unknown		none	aren't I?		not-applicable:writing	wb1_l8_d4_e5		alphabet		false	true
wb1_l8	51	wb1_l8_d4	wb1_l8_d4_e6	writing		Write the fixed standard question tag.	I'm near the entrance, aren't I?	Complete the standard question tag: I'm near the entrance, ______	unknown		none	aren't I?		not-applicable:writing	wb1_l8_d4_e6		alphabet		false	true
wb1_l8	52	wb1_l8_d4	wb1_l8_d4_e7	multiple-choice		Choose the standard English sentence.	Which sentence uses the standard question tag after I'm?		unknown	I'm ready, amn't I? | I'm ready, do I? | I'm ready, aren't I? | I'm ready, isn't I?	unknown	I'm ready, aren't I?		not-applicable:multiple-choice	wb1_l8_d4_e7		alphabet		false	true
wb1_l8	53	wb1_l8_d4	wb1_l8_d4_e8	multiple-choice		Complete the sentence with the words you learned: aren't I?	I'm happy, ___?		unknown	amn't I? | isn't I? | do I? | aren't I?	unknown	aren't I?		not-applicable:multiple-choice	wb1_l8_d4_e8		alphabet		false	true
wb1_l8	54	wb1_l8_d4	wb1_l8_d4_e9	speaking	shadowing	Listen and repeat the standard question tag.	I'm right, aren't I?	I'm right, aren't I?	unknown		none	I'm right, aren't I?		not-applicable:speaking	wb1_l8_d4_e9		alphabet		false	true
wb1_l8	55	wb1_l8_d4	wb1_l8_d4_e10	speaking	shadowing	Listen and repeat the standard question tag.	I'm in the correct classroom, aren't I?	I'm in the correct classroom, aren't I?	unknown		none	I'm in the correct classroom, aren't I?		not-applicable:speaking	wb1_l8_d4_e10		alphabet		false	true
wb1_l8	56	wb1_l8_d5	wb1_l8_d5_e1	speaking	shadowing	Read the context, then listen and repeat the short model.	Today is Tuesday. The students are ready to explore the zoo.	Reading — At the Zoo Today is Tuesday. Ben, Anna, Lucas, and Emily are at the zoo. They are not late. They're ready to explore. The guide says, 'Good morning, everyone. Are you ready?' Ben says, 'Yes, I am. I'm ready.' Anna says, 'I'm ready too. I'm not tired today.' Lucas is happy. He isn't afraid. He is with his friends. Emily is near the giraffes. She isn't at the entrance. She is beside a tall tree. The guide points to a lion and says, 'He's strong.' Then she points to a zebra and says, 'It's beautiful too.' After that, the guide looks at the group and says, 'You're all ready. We're ready to see more animals.' The students smile. They're happy because they can enjoy nature and understand contractions in English.	unknown		none	Today is Tuesday. The students are ready to explore the zoo.		not-applicable:speaking	wb1_l8_d5_e1		greetings		false	true
wb1_l8	57	wb1_l8_d5	wb1_l8_d5_e2	speaking	shadowing	Listen and repeat exactly what you hear.	Lucas is near the lion. He isn't afraid.	Lucas is near the lion. He isn't afraid.	unknown		none	Lucas is near the lion. He isn't afraid.		not-applicable:speaking	wb1_l8_d5_e2		alphabet		false	true
wb1_l8	58	wb1_l8_d5	wb1_l8_d5_e3	multiple-choice		Listen to the dialogue in Reading — At the Zoo and answer.	Is the group ready in Reading — At the Zoo?		unknown	Yes, it is. | No, it is not. | Yes, he is. | No, she is not.	unknown	Yes, it is.		not-applicable:multiple-choice	wb1_l8_d5_e3		other		false	true
wb1_l8	59	wb1_l8_d5	wb1_l8_d5_e4	multiple-choice		Listen to the dialogue in Reading — At the Zoo and answer.	Is Anna tired in Reading — At the Zoo?		unknown	Yes, she is. | No, she isn't. | No, he is not. | Yes, they are.	unknown	No, she isn't.		not-applicable:multiple-choice	wb1_l8_d5_e4		alphabet		false	true
wb1_l8	60	wb1_l8_d5	wb1_l8_d5_e5	multiple-choice		Listen and answer from Dialogue 17.	Is Lucas afraid in Dialogue 17?		unknown	Yes, he is. | No, she is not. | No, he isn't. | Yes, they are.	unknown	No, he isn't.		not-applicable:multiple-choice	wb1_l8_d5_e5		alphabet		false	true
wb1_l8	61	wb1_l8_d5	wb1_l8_d5_e6	multiple-choice		Listen and choose the natural spoken form.	I am ready.		unknown	I's ready. | I ready. | I are ready. | I'm ready.	unknown	I'm ready.		not-applicable:multiple-choice	wb1_l8_d5_e6		alphabet		false	true
wb1_l8	62	wb1_l8_d5	wb1_l8_d5_e7	multiple-choice		Listen and choose the natural spoken form.	Lucas is not afraid.		unknown	Lucas isn't afraid. | Lucas aren't afraid. | Lucas not afraid. | Lucas am not afraid.	unknown	Lucas isn't afraid.		not-applicable:multiple-choice	wb1_l8_d5_e7		alphabet		false	true
wb1_l8	63	wb1_l8_d5	wb1_l8_d5_e8	multiple-choice		Listen and choose the standard spoken form.	They are not late.		unknown	They isn't late. | They aren't late. | They not late. | They am not late.	unknown	They aren't late.		not-applicable:multiple-choice	wb1_l8_d5_e8		alphabet		false	true
wb1_l8	64	wb1_l8_d5	wb1_l8_d5_e9	multiple-choice		Listen and choose the standard tag.	I'm your friend, ___?		unknown	amn't I? | do I? | aren't I? | isn't I?	unknown	aren't I?		not-applicable:multiple-choice	wb1_l8_d5_e9		alphabet		false	true
wb1_l8	65	wb1_l8_d5	wb1_l8_d5_e10	multiple-choice		Listen and choose the correct short answer.	Are you ready?		unknown	Yes, I'm. | Yes, I is. | Yes, you are. | Yes, I am.	unknown	Yes, I am.		not-applicable:multiple-choice	wb1_l8_d5_e10		alphabet		false	true
wb1_l8	66	wb1_l8_d5	wb1_l8_d5_e11	speaking	shadowing	Listen, replay, and shadow the sentence.	You're at the zoo, and I'm ready too.	You're at the zoo, and I'm ready too.	unknown		none	You're at the zoo, and I'm ready too.		not-applicable:speaking	wb1_l8_d5_e11		alphabet		false	true
wb1_l8	67	wb1_l8_d5	wb1_l8_d5_e12	speaking	shadowing	Listen, replay, and shadow the sentence.	He's the guide, and he's strong.	He's the guide, and he's strong.	unknown		none	He's the guide, and he's strong.		not-applicable:speaking	wb1_l8_d5_e12		alphabet		false	true
wb1_l8	68	wb1_l8_d5	wb1_l8_d5_e13	speaking	shadowing	Listen, replay, and shadow the sentence.	They're near the giraffes, and they aren't late.	They're near the giraffes, and they aren't late.	unknown		none	They're near the giraffes, and they aren't late.		not-applicable:speaking	wb1_l8_d5_e13		alphabet		false	true
wb1_l8	69	wb1_l8_d5	wb1_l8_d5_e14	speaking	shadowing	Listen, replay, and shadow the sentence.	We're ready to see the animals, aren't we?	We're ready to see the animals, aren't we?	unknown		none	We're ready to see the animals, aren't we?		not-applicable:speaking	wb1_l8_d5_e14		alphabet		false	true
wb1_l8	70	wb1_l8_d5	wb1_l8_d5_e15	speaking	shadowing	Listen, replay, and shadow the standard tag.	I'm near the entrance, aren't I?	I'm near the entrance, aren't I?	unknown		none	I'm near the entrance, aren't I?		not-applicable:speaking	wb1_l8_d5_e15		alphabet		false	true
wb1_l8	71	wb1_l8_d6	wb1_l8_d6_e1	multiple-choice		Informal English — identify the register you hear.	I ain't afraid.		unknown	Informal English. | Standard formal English. | A question tag. | A short answer.	unknown	Informal English.		not-applicable:multiple-choice	Updated Workbook 1 Lesson 8 PDF		informal-aint-recognition		false	true
wb1_l8	72	wb1_l8_d6	wb1_l8_d6_e2	multiple-choice		Informal English — choose the standard meaning.	He ain't at the entrance.		unknown	He is at the entrance. | He isn't at the entrance. | He aren't at the entrance. | He's not tired.	unknown	He isn't at the entrance.		not-applicable:multiple-choice	Updated Workbook 1 Lesson 8 PDF		informal-aint-recognition		false	true
wb1_l8	73	wb1_l8_d6	wb1_l8_d6_e3	multiple-choice		Informal English — choose the standard equivalent.	They ain't tired.		unknown	They are tired. | They isn't tired. | They aren't tired. | They're not late.	unknown	They aren't tired.		not-applicable:multiple-choice	Updated Workbook 1 Lesson 8 PDF		informal-aint-recognition		false	true
wb1_l8	74	wb1_l8_d6	wb1_l8_d6_e4	multiple-choice		Informal English — choose the standard equivalent.	We ain't late.		unknown	We are late. | We isn't late. | We're not ready. | We aren't late.	unknown	We aren't late.		not-applicable:multiple-choice	Updated Workbook 1 Lesson 8 PDF		informal-aint-recognition		false	true
wb1_l8	75	wb1_l8_d6	wb1_l8_d6_e5	writing		Informal English — listen and write exactly what you hear.	I ain't afraid.	Informal Spoken English — listen and transcribe exactly.	unknown		none	I ain't afraid.		not-applicable:writing	Updated Workbook 1 Lesson 8 PDF		informal-aint-recognition		false	true
wb1_l8	76	wb1_l8_d6	wb1_l8_d6_e6	multiple-choice		Informal English — classify the sentence.	Which label belongs to 'I ain't tired'?		unknown	Informal English. | Standard English. | Formal writing. | A standard question tag.	unknown	Informal English.		not-applicable:multiple-choice	Updated Workbook 1 Lesson 8 PDF		informal-aint-recognition		false	true
wb1_l8	77	wb1_l8_d6	wb1_l8_d6_e7	speaking	shadowing	Informal English — listen and repeat exactly what you hear.	Ben and Anna ain't late. They're ready.	Dialogue 18 — They Ain't Late Informal Spoken English  Ben and Anna ain't late. They're ready.	mixed		none	Ben and Anna ain't late. They're ready.		not-applicable:speaking	Updated Workbook 1 Lesson 8 PDF		informal-aint-recognition		false	true
wb1_l8	78	wb1_l8_d6	wb1_l8_d6_e8	multiple-choice		Informal English — choose the standard meaning.	In Dialogue 18, what does 'They ain't late' mean?		unknown	They are late. | They aren't late. | They aren't ready. | They are at home.	unknown	They aren't late.		not-applicable:multiple-choice	Updated Workbook 1 Lesson 8 PDF		informal-aint-recognition		false	true
wb1_l8	79	wb1_l8_d6	wb1_l8_d6_e9	speaking	shadowing	Informal English — listen, replay, and shadow what you hear.	I ain't afraid.	I ain't afraid.	unknown		none	I ain't afraid.		not-applicable:speaking	Updated Workbook 1 Lesson 8 PDF		informal-aint-recognition		false	true
wb1_l8	80	wb1_l8_d6	wb1_l8_d6_e10	speaking	shadowing	Informal English — listen, replay, and shadow what you hear.	They ain't tired.	They ain't tired.	unknown		none	They ain't tired.		not-applicable:speaking	Updated Workbook 1 Lesson 8 PDF		informal-aint-recognition		false	true
wb1_l8	81	wb1_l8_d7	wb1_l8_final_v2_listen_write_1	writing	listening-writing	Listen and write exactly what you hear.	I am ready.		unknown		none	I am ready.		not-applicable:writing	wb1_l8_final_v2_listen_write_1		alphabet		false	true
wb1_l8	82	wb1_l8_d7	wb1_l8_final_v2_listen_write_2	writing	listening-writing	Listen and write exactly what you hear.	You're my friend.		unknown		none	You're my friend.		not-applicable:writing	wb1_l8_final_v2_listen_write_2		other		false	true
wb1_l8	83	wb1_l8_d7	wb1_l8_final_v2_listen_write_3	writing	listening-writing	Listen and write exactly what you hear.	Lucas is not afraid.		unknown		none	Lucas is not afraid.		not-applicable:writing	wb1_l8_final_v2_listen_write_3		other		false	true
wb1_l8	84	wb1_l8_d7	wb1_l8_final_v2_listen_write_4	writing	listening-writing	Listen and write exactly what you hear.	They are not late.		unknown		none	They are not late.		not-applicable:writing	wb1_l8_final_v2_listen_write_4		other		false	true
wb1_l8	85	wb1_l8_d7	wb1_l8_final_v2_listen_write_5	writing	listening-writing	Listen and write exactly what you hear.	Are we late?		unknown		none	Are we late?		not-applicable:writing	wb1_l8_final_v2_listen_write_5		other		false	true
wb1_l8	86	wb1_l8_d7	wb1_l8_final_v2_listen_write_6	writing	listening-writing	Listen and write exactly what you hear.	Are they late? No, they aren't.		unknown		none	Are they late? No, they aren't.		not-applicable:writing	wb1_l8_final_v2_listen_write_6		alphabet		false	true
wb1_l8	87	wb1_l8_d7	wb1_l8_final_v2_listen_write_7	writing	listening-writing	Listen and write exactly what you hear.	Lucas is near the lion. He isn't afraid.		unknown		none	Lucas is near the lion. He isn't afraid.		not-applicable:writing	wb1_l8_final_v2_listen_write_7		alphabet		false	true
wb1_l8	88	wb1_l8_d7	wb1_l8_final_v2_listen_write_8	writing	listening-writing	Listen and write exactly what you hear.	I ain't afraid.		unknown		none	I ain't afraid.		not-applicable:writing	Updated Workbook 1 Lesson 8 PDF		informal-aint-recognition		false	true
wb1_l8	89	wb1_l8_d7	wb1_l8_final_v2_shadow_1	speaking	shadowing	Listen and repeat exactly what you hear.	I am ready.		unknown		none	I am ready.		not-applicable:speaking	wb1_l8_final_v2_shadow_1		alphabet		false	true
wb1_l8	90	wb1_l8_d7	wb1_l8_final_v2_shadow_2	speaking	shadowing	Listen and repeat exactly what you hear.	We are ready to see an animal.		unknown		none	We are ready to see an animal.		not-applicable:speaking	wb1_l8_final_v2_shadow_2		other		false	true
wb1_l8	91	wb1_l8_d7	wb1_l8_final_v2_shadow_3	speaking	shadowing	Listen and repeat exactly what you hear.	She isn't late.		unknown		none	She isn't late.		not-applicable:speaking	wb1_l8_final_v2_shadow_3		alphabet		false	true
wb1_l8	92	wb1_l8_d7	wb1_l8_final_v2_shadow_4	speaking	shadowing	Listen and repeat exactly what you hear.	Are we late?		unknown		none	Are we late?		not-applicable:speaking	wb1_l8_final_v2_shadow_4		other		false	true
wb1_l8	93	wb1_l8_d7	wb1_l8_final_v2_shadow_5	speaking	shadowing	Listen and repeat exactly what you hear.	I'm near the entrance, aren't I?		unknown		none	I'm near the entrance, aren't I?		not-applicable:speaking	wb1_l8_final_v2_shadow_5		alphabet		false	true
wb1_l8	94	wb1_l8_d7	wb1_l8_final_v2_shadow_6	speaking	shadowing	Listen and repeat exactly what you hear.	He's the guide, and he's strong.		unknown		none	He's the guide, and he's strong.		not-applicable:speaking	wb1_l8_final_v2_shadow_6		alphabet		false	true
wb1_l8	95	wb1_l8_d7	wb1_l8_final_v2_speak_1	speaking	speaking	Listen and answer aloud in English.	Are you ready?		unknown		none	Yes, I am.		not-applicable:speaking	wb1_l8_final_v2_speak_1		alphabet		false	true
wb1_l8	96	wb1_l8_d7	wb1_l8_final_v2_speak_2	speaking	speaking	Listen and answer aloud in English.	Is Emily near a giraffe?		unknown		none	Yes, she is.		not-applicable:speaking	wb1_l8_final_v2_speak_2		alphabet		false	true
wb1_l8	97	wb1_l8_d7	wb1_l8_final_v2_speak_3	speaking	speaking	Listen and answer aloud in English.	Are they at the zoo?		unknown		none	Yes, they are.		not-applicable:speaking	wb1_l8_final_v2_speak_3		other		false	true
wb1_l8	98	wb1_l8_d7	wb1_l8_final_v2_speak_4	speaking	speaking	Listen and answer aloud in English.	Is Emily near the giraffes?	Answer the question: Is Emily near the giraffes?	unknown		none	Yes, she is.		not-applicable:speaking	wb1_l8_final_v2_speak_4		other		false	true
wb1_l8	99	wb1_l8_d7	wb1_l8_final_v2_speak_5	speaking	speaking	Listen and answer aloud in English.	I'm near the entrance, aren't I?	Complete the standard question tag: I'm near the entrance, ______	unknown		none	aren't I?		not-applicable:speaking	wb1_l8_final_v2_speak_5		alphabet		false	true
wb1_l8	100	wb1_l8_d7	wb1_l8_final_v2_speak_6	speaking	speaking	Listen and answer aloud in English.	Which label belongs to 'I ain't tired'?		unknown		none	Informal English.		not-applicable:speaking	Updated Workbook 1 Lesson 8 PDF		informal-aint-recognition		false	true
wb1_l9	1	wb1_l9_d1	wb1_l9_d1_e1	identification		Choose the natural response.	Hi! I’m Sofia.		unknown	Hi, Sofia! I’m Ben. | Nice to meet you too. | My name is Lucas. | I’m eleven years old.	unknown	Hi, Sofia! I’m Ben.		not-applicable:identification	wb1_l9_d1_e1		alphabet		false	true
wb1_l9	2	wb1_l9_d1	wb1_l9_d1_e2	identification		Choose the natural response.	Nice to meet you.		unknown	My name is Lucas. | Nice to meet you too. | I’m eleven years old. | I’m from Brazil.	unknown	Nice to meet you too.		not-applicable:identification	wb1_l9_d1_e2		greetings		false	true
wb1_l9	3	wb1_l9_d1	wb1_l9_d1_e3	identification		Choose the natural response.	What’s your name?		unknown	I’m eleven years old. | I’m from Brazil. | My name is Lucas. | Yes, I am.	unknown	My name is Lucas.		not-applicable:identification	wb1_l9_d1_e3		alphabet		false	true
wb1_l9	4	wb1_l9_d1	wb1_l9_d1_e4	identification		Choose the natural response.	How old are you?		unknown	I’m from Brazil. | Yes, I am. | No, she isn’t. She’s my friend. | I’m eleven years old.	unknown	I’m eleven years old.		not-applicable:identification	wb1_l9_d1_e4		alphabet		false	true
wb1_l9	5	wb1_l9_d1	wb1_l9_d1_e5	identification		Choose the natural response.	Where are you from?		unknown	I’m from Brazil. | Yes, I am. | No, she isn’t. She’s my friend. | It’s Tuesday.	unknown	I’m from Brazil.		not-applicable:identification	wb1_l9_d1_e5		alphabet		false	true
wb1_l9	6	wb1_l9_d1	wb1_l9_d1_e6	identification		Choose the natural response.	Are you a student?		unknown	No, she isn’t. She’s my friend. | Yes, I am. | It’s Tuesday. | It’s May third.	unknown	Yes, I am.		not-applicable:identification	wb1_l9_d1_e6		alphabet		false	true
wb1_l9	7	wb1_l9_d1	wb1_l9_d1_e7	identification		Choose the natural response.	Is she your sister?		unknown	It’s Tuesday. | It’s May third. | No, she isn’t. She’s my friend. | My birthday is in July.	unknown	No, she isn’t. She’s my friend.		not-applicable:identification	wb1_l9_d1_e7		alphabet		false	true
wb1_l9	8	wb1_l9_d1	wb1_l9_d1_e8	identification		Choose the natural response.	What day is it today?		unknown	It’s May third. | My birthday is in July. | L-U-C-A-S. | It’s Tuesday.	unknown	It’s Tuesday.		not-applicable:identification	wb1_l9_d1_e8		alphabet		false	true
wb1_l9	9	wb1_l9_d1	wb1_l9_d1_e9	identification		Choose the natural response.	What’s the date?		unknown	It’s May third. | My birthday is in July. | L-U-C-A-S. | It’s 555-0182.	mixed	It’s May third.		not-applicable:identification	wb1_l9_d1_e9		alphabet		false	true
wb1_l9	10	wb1_l9_d1	wb1_l9_d1_e10	identification		Choose the natural response.	When is your birthday?		unknown	L-U-C-A-S. | My birthday is in July. | It’s 555-0182. | No, it isn’t. I’m twelve.	mixed	My birthday is in July.		not-applicable:identification	wb1_l9_d1_e10		other		false	true
wb1_l9	11	wb1_l9_d1	wb1_l9_d1_e11	identification		Choose the natural response.	Could you spell your name?		unknown	It’s 555-0182. | No, it isn’t. I’m twelve. | L-U-C-A-S. | Okay, teacher.	mixed	L-U-C-A-S.		not-applicable:identification	wb1_l9_d1_e11		alphabet		false	true
wb1_l9	12	wb1_l9_d1	wb1_l9_d1_e12	identification		Choose the natural response.	What’s your phone number?		unknown	No, it isn’t. I’m twelve. | Okay, teacher. | You’re welcome. | It’s 555-0182.	mixed	It’s 555-0182.		not-applicable:identification	wb1_l9_d1_e12		alphabet		false	true
wb1_l9	13	wb1_l9_d1	wb1_l9_d1_e13	identification		Choose the natural response.	Is this information correct?		unknown	No, it isn’t. I’m twelve. | Okay, teacher. | You’re welcome. | Hi, Sofia! I’m Ben.	unknown	No, it isn’t. I’m twelve.		not-applicable:identification	wb1_l9_d1_e13		alphabet		false	true
wb1_l9	14	wb1_l9_d1	wb1_l9_d1_e14	identification		Choose the natural response.	Please open your book.		unknown	You’re welcome. | Okay, teacher. | Hi, Sofia! I’m Ben. | Nice to meet you too.	unknown	Okay, teacher.		not-applicable:identification	wb1_l9_d1_e14		other		false	true
wb1_l9	15	wb1_l9_d1	wb1_l9_d1_e15	identification		Choose the natural response.	Thank you for your help.		unknown	Hi, Sofia! I’m Ben. | Nice to meet you too. | You’re welcome. | My name is Lucas.	unknown	You’re welcome.		not-applicable:identification	wb1_l9_d1_e15		other		false	true
wb1_l9	16	wb1_l9_d2	wb1_l9_d2_e1	writing		Complete the practical speaking pattern.	Complete the greeting.	Hi, ______ Sofia.	unknown		none	I'm		not-applicable:writing	wb1_l9_d2_e1		alphabet		false	true
wb1_l9	17	wb1_l9_d2	wb1_l9_d2_e2	writing		Complete the practical speaking pattern.	Complete the introduction.	My ______ is Lucas.	unknown		none	name		not-applicable:writing	wb1_l9_d2_e2		other		false	true
wb1_l9	18	wb1_l9_d2	wb1_l9_d2_e3	writing		Complete the practical speaking pattern.	Complete the age question.	How ______ are you?	unknown		none	old		not-applicable:writing	wb1_l9_d2_e3		greetings		false	true
wb1_l9	19	wb1_l9_d2	wb1_l9_d2_e4	writing		Complete the practical speaking pattern.	Complete the country question.	Where are you ______?	unknown		none	from		not-applicable:writing	wb1_l9_d2_e4		other		false	true
wb1_l9	20	wb1_l9_d2	wb1_l9_d2_e5	writing		Complete the practical speaking pattern.	Complete the student question.	______ you a student?	unknown		none	Are		not-applicable:writing	wb1_l9_d2_e5		alphabet		false	true
wb1_l9	21	wb1_l9_d2	wb1_l9_d2_e6	writing		Complete the practical speaking pattern.	Complete the friend question.	______ she your friend?	unknown		none	Is		not-applicable:writing	wb1_l9_d2_e6		other		false	true
wb1_l9	22	wb1_l9_d2	wb1_l9_d2_e7	writing		Complete the practical speaking pattern.	Complete the correction.	No, she ______. She's my friend.	unknown		none	isn't		not-applicable:writing	wb1_l9_d2_e7		alphabet		false	true
wb1_l9	23	wb1_l9_d2	wb1_l9_d2_e8	writing		Complete the practical speaking pattern.		What ______ is it today?	unknown		none	day		not-applicable:writing	wb1_l9_d2_e8		other		false	true
wb1_l9	24	wb1_l9_d2	wb1_l9_d2_e9	writing		Complete the practical speaking pattern.		What's the ______?	unknown		none	date		not-applicable:writing	wb1_l9_d2_e9		alphabet		false	true
wb1_l9	25	wb1_l9_d2	wb1_l9_d2_e10	writing		Complete the practical speaking pattern.	Complete the birthday question.	______ is your birthday?	unknown		none	When		not-applicable:writing	wb1_l9_d2_e10		other		false	true
wb1_l9	26	wb1_l9_d2	wb1_l9_d2_e11	writing		Complete the practical speaking pattern.		Could you ______ your name?	unknown		none	spell		not-applicable:writing	wb1_l9_d2_e11		other		false	true
wb1_l9	27	wb1_l9_d2	wb1_l9_d2_e12	writing		Complete the practical speaking pattern.		What's your phone ______?	unknown		none	number		not-applicable:writing	wb1_l9_d2_e12		alphabet		false	true
wb1_l9	28	wb1_l9_d2	wb1_l9_d2_e13	writing		Complete the practical speaking pattern.	Complete the confirmation.	Is this information ______?	unknown		none	correct		not-applicable:writing	wb1_l9_d2_e13		other		false	true
wb1_l9	29	wb1_l9_d2	wb1_l9_d2_e14	writing		Complete the practical speaking pattern.	Complete the classroom request.	Please ______ your book.	unknown		none	open		not-applicable:writing	wb1_l9_d2_e14		other		false	true
wb1_l9	30	wb1_l9_d2	wb1_l9_d2_e15	writing		Complete the practical speaking pattern.	Complete the polite reply.	You're ______.	unknown		none	welcome		not-applicable:writing	wb1_l9_d2_e15		other		false	true
wb1_l9	31	wb1_l9_d3	wb1_l9_d3_e1	multiple-choice		Choose the question or first line that matches the response.	Hi, Sofia! I’m Ben.		unknown	Hi! I’m Sofia. | Nice to meet you. | What’s your name? | How old are you?	unknown	Hi! I’m Sofia.		not-applicable:multiple-choice	wb1_l9_d3_e1		alphabet		false	true
wb1_l9	32	wb1_l9_d3	wb1_l9_d3_e2	multiple-choice		Choose the question or first line that matches the response.	Nice to meet you too.		unknown	What’s your name? | Nice to meet you. | How old are you? | Where are you from?	unknown	Nice to meet you.		not-applicable:multiple-choice	wb1_l9_d3_e2		greetings		false	true
wb1_l9	33	wb1_l9_d3	wb1_l9_d3_e3	multiple-choice		Choose the question or first line that matches the response.	My name is Lucas.		unknown	How old are you? | Where are you from? | What’s your name? | Are you a student?	unknown	What’s your name?		not-applicable:multiple-choice	wb1_l9_d3_e3		alphabet		false	true
wb1_l9	34	wb1_l9_d3	wb1_l9_d3_e4	multiple-choice		Choose the question or first line that matches the response.	I’m eleven years old.		unknown	Where are you from? | Are you a student? | Is she your sister? | How old are you?	unknown	How old are you?		not-applicable:multiple-choice	wb1_l9_d3_e4		alphabet		false	true
wb1_l9	35	wb1_l9_d3	wb1_l9_d3_e5	multiple-choice		Choose the question or first line that matches the response.	I’m from Brazil.		unknown	Where are you from? | Are you a student? | Is she your sister? | What day is it today?	unknown	Where are you from?		not-applicable:multiple-choice	wb1_l9_d3_e5		alphabet		false	true
wb1_l9	36	wb1_l9_d3	wb1_l9_d3_e6	multiple-choice		Choose the question or first line that matches the response.	Yes, I am.		unknown	Is she your sister? | Are you a student? | What day is it today? | What’s the date?	unknown	Are you a student?		not-applicable:multiple-choice	wb1_l9_d3_e6		alphabet		false	true
wb1_l9	37	wb1_l9_d3	wb1_l9_d3_e7	multiple-choice		Choose the question or first line that matches the response.	No, she isn’t. She’s my friend.		unknown	What day is it today? | What’s the date? | Is she your sister? | When is your birthday?	unknown	Is she your sister?		not-applicable:multiple-choice	wb1_l9_d3_e7		alphabet		false	true
wb1_l9	38	wb1_l9_d3	wb1_l9_d3_e8	multiple-choice		Choose the question or first line that matches the response.	It’s Tuesday.		unknown	What’s the date? | When is your birthday? | Could you spell your name? | What day is it today?	unknown	What day is it today?		not-applicable:multiple-choice	wb1_l9_d3_e8		alphabet		false	true
wb1_l9	39	wb1_l9_d3	wb1_l9_d3_e9	multiple-choice		Choose the question or first line that matches the response.	It’s May third.		unknown	What’s the date? | When is your birthday? | Could you spell your name? | What’s your phone number?	unknown	What’s the date?		not-applicable:multiple-choice	wb1_l9_d3_e9		alphabet		false	true
wb1_l9	40	wb1_l9_d3	wb1_l9_d3_e10	multiple-choice		Choose the question or first line that matches the response.	My birthday is in July.		unknown	Could you spell your name? | When is your birthday? | What’s your phone number? | Is this information correct?	unknown	When is your birthday?		not-applicable:multiple-choice	wb1_l9_d3_e10		other		false	true
wb1_l9	41	wb1_l9_d3	wb1_l9_d3_e11	multiple-choice		Choose the question or first line that matches the response.	L-U-C-A-S.		unknown	What’s your phone number? | Is this information correct? | Could you spell your name? | Please open your book.	unknown	Could you spell your name?		not-applicable:multiple-choice	wb1_l9_d3_e11		alphabet		false	true
wb1_l9	42	wb1_l9_d3	wb1_l9_d3_e12	multiple-choice		Choose the question or first line that matches the response.	It’s 555-0182.		unknown	Is this information correct? | Please open your book. | Thank you for your help. | What’s your phone number?	unknown	What’s your phone number?		not-applicable:multiple-choice	wb1_l9_d3_e12		alphabet		false	true
wb1_l9	43	wb1_l9_d3	wb1_l9_d3_e13	multiple-choice		Choose the question or first line that matches the response.	No, it isn’t. I’m twelve.		unknown	Is this information correct? | Please open your book. | Thank you for your help. | Hi! I’m Sofia.	unknown	Is this information correct?		not-applicable:multiple-choice	wb1_l9_d3_e13		alphabet		false	true
wb1_l9	44	wb1_l9_d3	wb1_l9_d3_e14	multiple-choice		Choose the question or first line that matches the response.	Okay, teacher.		unknown	Thank you for your help. | Please open your book. | Hi! I’m Sofia. | Nice to meet you.	unknown	Please open your book.		not-applicable:multiple-choice	wb1_l9_d3_e14		other		false	true
wb1_l9	45	wb1_l9_d3	wb1_l9_d3_e15	multiple-choice		Choose the question or first line that matches the response.	You’re welcome.		unknown	Hi! I’m Sofia. | Nice to meet you. | Thank you for your help. | What’s your name?	unknown	Thank you for your help.		not-applicable:multiple-choice	wb1_l9_d3_e15		other		false	true
wb1_l9	46	wb1_l9_d4	wb1_l9_d4_e1	speaking		Listen to Dialogue 1 and repeat.	Sofia: Hi, I'm Sofia. What's your name? Ben: I'm Ben. Nice to meet you. Sofia: Nice to meet you too. Where are you from? Ben: I'm from Brazil.	Dialogue 1 — Meeting someone Sofia: Hi, I'm Sofia. What's your name? Ben: I'm Ben. Nice to meet you. Sofia: Nice to meet you too. Where are you from? Ben: I'm from Brazil.	mixed		none	Sofia: Hi, I'm Sofia. What's your name? Ben: I'm Ben. Nice to meet you. Sofia: Nice to meet you too. Where are you from? Ben: I'm from Brazil.		not-applicable:speaking	wb1_l9_d4_e1		greetings		false	true
wb1_l9	47	wb1_l9_d4	wb1_l9_d4_e2	speaking		Listen to Dialogue 2 and repeat.	Teacher: Could you spell your name? Lucas: L-U-C-A-S. Teacher: Are you eleven? Lucas: No, I'm not. I'm twelve.	Dialogue 2 — Classroom information Teacher: Could you spell your name? Lucas: L-U-C-A-S. Teacher: Are you eleven? Lucas: No, I'm not. I'm twelve.	mixed		none	Teacher: Could you spell your name? Lucas: L-U-C-A-S. Teacher: Are you eleven? Lucas: No, I'm not. I'm twelve.		not-applicable:speaking	wb1_l9_d4_e2		alphabet		false	true
wb1_l9	48	wb1_l9_d4	wb1_l9_d4_e3	speaking		Listen to Dialogue 3 and repeat.	Maya: Is she your sister? Ben: No, she isn't. She's my friend. Maya: What's her phone number? Ben: It's 555-0182.	Dialogue 3 — Confirming information Maya: Is she your sister? Ben: No, she isn't. She's my friend. Maya: What's her phone number? Ben: It's 555-0182.	mixed		none	Maya: Is she your sister? Ben: No, she isn't. She's my friend. Maya: What's her phone number? Ben: It's 555-0182.		not-applicable:speaking	wb1_l9_d4_e3		alphabet		false	true
wb1_l9	49	wb1_l9_d4	wb1_l9_d4_e4	multiple-choice		Answer from Dialogue 1.	Where is Ben from?		unknown	He is from Mexico. | He is twelve. | He is a teacher. | He is from Brazil.	unknown	He is from Brazil.		not-applicable:multiple-choice	wb1_l9_d4_e4		other		false	true
wb1_l9	50	wb1_l9_d4	wb1_l9_d4_e5	multiple-choice		Answer from Dialogue 2.	How old is Lucas?		unknown	He is twelve. | He is eleven. | He is ten. | He is thirteen.	unknown	He is twelve.		not-applicable:multiple-choice	wb1_l9_d4_e5		numbers		false	true
wb1_l9	51	wb1_l9_d4	wb1_l9_d4_e6	multiple-choice		Answer from Dialogue 3.	Is the girl Ben’s sister?		unknown	Yes, she is. | No, she isn't. | No, he is not. | Yes, they are.	unknown	No, she isn't.		not-applicable:multiple-choice	wb1_l9_d4_e6		alphabet		false	true
wb1_l9	52	wb1_l9_d4	wb1_l9_d4_e7	writing		Write the correct answer.	L-U-C-A-S.	Write the spelling from Dialogue 2.	mixed		none	L-U-C-A-S.		not-applicable:writing	wb1_l9_d4_e7		alphabet		false	true
wb1_l9	53	wb1_l9_d4	wb1_l9_d4_e8	writing		Write the correct answer.	No, she isn't. She's my friend.	Write Ben’s complete correction.	unknown		none	No, she isn't. She's my friend.		not-applicable:writing	wb1_l9_d4_e8		alphabet		false	true
wb1_l9	54	wb1_l9_d4	wb1_l9_d4_e9	multiple-choice		Listen and choose the best answer.	Which line naturally follows “Nice to meet you”?		unknown	I am eleven. | It is Tuesday. | Nice to meet you too. | Open your book.	unknown	Nice to meet you too.		not-applicable:multiple-choice	wb1_l9_d4_e9		greetings		false	true
wb1_l9	55	wb1_l9_d4	wb1_l9_d4_e10	speaking		Practice the number exchange.	What's your phone number? It's 555-0182.	What's your phone number? It's 555-0182.	mixed		none	What's your phone number? It's 555-0182.		not-applicable:speaking	wb1_l9_d4_e10		alphabet		false	true
wb1_l9	56	wb1_l9_d5	wb1_l9_d5_e1	speaking		Use the prompt to say the complete line naturally.	Hi, I'm Lucas. Nice to meet you.	Meet someone.	unknown		none	Hi, I'm Lucas. Nice to meet you.		not-applicable:speaking	wb1_l9_d5_e1		greetings		false	true
wb1_l9	57	wb1_l9_d5	wb1_l9_d5_e2	speaking		Use the prompt to say the complete line naturally.	What's your name?	Ask a name.	unknown		none	What's your name?		not-applicable:speaking	wb1_l9_d5_e2		alphabet		false	true
wb1_l9	58	wb1_l9_d5	wb1_l9_d5_e3	speaking		Use the prompt to say the complete line naturally.	My name is Lucas.	Give your name.	unknown		none	My name is Lucas.		not-applicable:speaking	wb1_l9_d5_e3		other		false	true
wb1_l9	59	wb1_l9_d5	wb1_l9_d5_e4	speaking		Use the prompt to say the complete line naturally.	How old are you?	Ask an age.	unknown		none	How old are you?		not-applicable:speaking	wb1_l9_d5_e4		other		false	true
wb1_l9	60	wb1_l9_d5	wb1_l9_d5_e5	speaking		Use the prompt to say the complete line naturally.	I'm eleven years old.	Give an age.	unknown		none	I'm eleven years old.		not-applicable:speaking	wb1_l9_d5_e5		alphabet		false	true
wb1_l9	61	wb1_l9_d5	wb1_l9_d5_e6	speaking		Use the prompt to say the complete line naturally.	Where are you from?	Ask a country.	unknown		none	Where are you from?		not-applicable:speaking	wb1_l9_d5_e6		alphabet		false	true
wb1_l9	62	wb1_l9_d5	wb1_l9_d5_e7	speaking		Use the prompt to say the complete line naturally.	I'm from Brazil.	Give a country.	unknown		none	I'm from Brazil.		not-applicable:speaking	wb1_l9_d5_e7		alphabet		false	true
wb1_l9	63	wb1_l9_d5	wb1_l9_d5_e8	speaking		Use the prompt to say the complete line naturally.	Are you a student?	Confirm a student.	unknown		none	Are you a student?		not-applicable:speaking	wb1_l9_d5_e8		alphabet		false	true
wb1_l9	64	wb1_l9_d5	wb1_l9_d5_e9	speaking		Use the prompt to say the complete line naturally.	No, she isn't. She's my friend.	Correct a relationship.	unknown		none	No, she isn't. She's my friend.		not-applicable:speaking	wb1_l9_d5_e9		alphabet		false	true
wb1_l9	65	wb1_l9_d5	wb1_l9_d5_e10	speaking		Use the prompt to say the complete line naturally.	What day is it today?	Ask the day.	unknown		none	What day is it today?		not-applicable:speaking	wb1_l9_d5_e10		other		false	true
wb1_l9	66	wb1_l9_d5	wb1_l9_d5_e11	speaking		Use the prompt to say the complete line naturally.	When is your birthday?	Ask a birthday.	unknown		none	When is your birthday?		not-applicable:speaking	wb1_l9_d5_e11		alphabet		false	true
wb1_l9	67	wb1_l9_d5	wb1_l9_d5_e12	speaking		Use the prompt to say the complete line naturally.	Could you spell your name?	Request spelling.	unknown		none	Could you spell your name?		not-applicable:speaking	wb1_l9_d5_e12		other		false	true
wb1_l9	68	wb1_l9_d5	wb1_l9_d5_e13	speaking		Use the prompt to say the complete line naturally.	L-U-C-A-S.	Spell a name.	unknown		none	L-U-C-A-S.		not-applicable:speaking	wb1_l9_d5_e13		alphabet		false	true
wb1_l9	69	wb1_l9_d5	wb1_l9_d5_e14	speaking		Use the prompt to say the complete line naturally.	What's your phone number? It's 555-0182.	Exchange a phone number.	unknown		none	What's your phone number? It's 555-0182.		not-applicable:speaking	wb1_l9_d5_e14		alphabet		false	true
wb1_l9	70	wb1_l9_d5	wb1_l9_d5_e15	speaking		Use the prompt to say the complete line naturally.	I don't understand. Could you repeat, please?	Ask for repetition in class.	unknown		none	I don't understand. Could you repeat, please?		not-applicable:speaking	wb1_l9_d5_e15		alphabet		false	true
wb1_l9	71	wb1_l9_d6	wb1_l9_d6_e1	speaking		Listen to and read the complete interaction.	On Tuesday, Sofia meets Ben at Learnendo School. “Hi, I’m Sofia,” she says. Ben introduces himself and asks where she is from. Sofia is from Chile, and she is twelve. Ben is not twelve; he is eleven. Sofia spells her last name, R-O-J-A-S, for the class list. Then Ben introduces his friend Maya. Maya is from Mexico, and her birthday is on August ninth. Sofia first thinks Maya is Ben’s sister. Ben corrects her: “No, she isn’t. She’s my friend.” Before class, the students compare phone numbers and confirm the date. It is September third. Their teacher arrives at nine o’clock, and everyone is ready.	Reading — A New Classmate  On Tuesday, Sofia meets Ben at Learnendo School. “Hi, I’m Sofia,” she says. Ben introduces himself and asks where she is from. Sofia is from Chile, and she is twelve. Ben is not twelve; he is eleven. Sofia spells her last name, R-O-J-A-S, for the class list. Then Ben introduces his friend Maya. Maya is from Mexico, and her birthday is on August ninth. Sofia first thinks Maya is Ben’s sister. Ben corrects her: “No, she isn’t. She’s my friend.” Before class, the students compare phone numbers and confirm the date. It is September third. Their teacher arrives at nine o’clock, and everyone is ready.	unknown		none	On Tuesday, Sofia meets Ben at Learnendo School. “Hi, I’m Sofia,” she says. Ben introduces himself and asks where she is from. Sofia is from Chile, and she is twelve. Ben is not twelve; he is eleven. Sofia spells her last name, R-O-J-A-S, for the class list. Then Ben introduces his friend Maya. Maya is from Mexico, and her birthday is on August ninth. Sofia first thinks Maya is Ben’s sister. Ben corrects her: “No, she isn’t. She’s my friend.” Before class, the students compare phone numbers and confirm the date. It is September third. Their teacher arrives at nine o’clock, and everyone is ready.		not-applicable:speaking	wb1_l9_d6_e1		alphabet		false	true
wb1_l9	72	wb1_l9_d6	wb1_l9_d6_e2	multiple-choice		Answer from the reading.	When does Sofia meet Ben?		unknown	On Tuesday. | At Learnendo School. | She is from Chile. | She is twelve.	unknown	On Tuesday.		not-applicable:multiple-choice	wb1_l9_d6_e2		other		false	true
wb1_l9	73	wb1_l9_d6	wb1_l9_d6_e3	multiple-choice		Answer from the reading.	Where are they?		unknown	She is from Chile. | At Learnendo School. | She is twelve. | He is eleven.	unknown	At Learnendo School.		not-applicable:multiple-choice	wb1_l9_d6_e3		other		false	true
wb1_l9	74	wb1_l9_d6	wb1_l9_d6_e4	multiple-choice		Answer from the reading.	Where is Sofia from?		unknown	She is twelve. | He is eleven. | She is from Chile. | R-O-J-A-S.	unknown	She is from Chile.		not-applicable:multiple-choice	wb1_l9_d6_e4		other		false	true
wb1_l9	75	wb1_l9_d6	wb1_l9_d6_e5	multiple-choice		Answer from the reading.	How old is Sofia?		unknown	He is eleven. | R-O-J-A-S. | His friend Maya. | She is twelve.	unknown	She is twelve.		not-applicable:multiple-choice	wb1_l9_d6_e5		numbers		false	true
wb1_l9	76	wb1_l9_d6	wb1_l9_d6_e6	multiple-choice		Answer from the reading.	How old is Ben?		unknown	He is eleven. | R-O-J-A-S. | His friend Maya. | She is from Mexico.	unknown	He is eleven.		not-applicable:multiple-choice	wb1_l9_d6_e6		numbers		false	true
wb1_l9	77	wb1_l9_d6	wb1_l9_d6_e7	multiple-choice		Answer from the reading.	What last name does Sofia spell?		unknown	His friend Maya. | R-O-J-A-S. | She is from Mexico. | On August ninth.	unknown	R-O-J-A-S.		not-applicable:multiple-choice	wb1_l9_d6_e7		alphabet		false	true
wb1_l9	78	wb1_l9_d6	wb1_l9_d6_e8	multiple-choice		Answer from the reading.	Who does Ben introduce?		unknown	She is from Mexico. | On August ninth. | His friend Maya. | No, she isn't.	unknown	His friend Maya.		not-applicable:multiple-choice	wb1_l9_d6_e8		other		false	true
wb1_l9	79	wb1_l9_d6	wb1_l9_d6_e9	multiple-choice		Answer from the reading.	Where is Maya from?		unknown	On August ninth. | No, she isn't. | Their phone numbers. | She is from Mexico.	unknown	She is from Mexico.		not-applicable:multiple-choice	wb1_l9_d6_e9		other		false	true
wb1_l9	80	wb1_l9_d6	wb1_l9_d6_e10	multiple-choice		Answer from the reading.	When is Maya’s birthday?		unknown	On August ninth. | No, she isn't. | Their phone numbers. | It is September third.	unknown	On August ninth.		not-applicable:multiple-choice	wb1_l9_d6_e10		alphabet		false	true
wb1_l9	81	wb1_l9_d7	wb1_l9_final_v2_listen_write_1	writing	listening-writing	Listen and write exactly what you hear.	Hi! I’m Sofia.		unknown		none	Hi! I’m Sofia.		not-applicable:writing	wb1_l9_final_v2_listen_write_1		alphabet		false	true
wb1_l9	82	wb1_l9_d7	wb1_l9_final_v2_listen_write_2	writing	listening-writing	Listen and write exactly what you hear.	What day is it today?		unknown		none	What day is it today?		not-applicable:writing	wb1_l9_final_v2_listen_write_2		other		false	true
wb1_l9	83	wb1_l9_d7	wb1_l9_final_v2_listen_write_3	writing	listening-writing	Listen and write exactly what you hear.	Hi, Sofia! I’m Ben.		unknown		none	Hi, Sofia! I’m Ben.		not-applicable:writing	wb1_l9_final_v2_listen_write_3		alphabet		false	true
wb1_l9	84	wb1_l9_d7	wb1_l9_final_v2_listen_write_4	writing	listening-writing	Listen and write exactly what you hear.	It’s Tuesday.		unknown		none	It’s Tuesday.		not-applicable:writing	wb1_l9_final_v2_listen_write_4		alphabet		false	true
wb1_l9	85	wb1_l9_d7	wb1_l9_final_v2_listen_write_5	writing	listening-writing	Listen and write exactly what you hear.	You’re welcome.		unknown		none	You’re welcome.		not-applicable:writing	wb1_l9_final_v2_listen_write_5		other		false	true
wb1_l9	86	wb1_l9_d7	wb1_l9_final_v2_listen_write_6	writing	listening-writing	Listen and write exactly what you hear.	Is the girl Ben’s sister?	Name: Ben	unknown		none	Is the girl Ben’s sister?		not-applicable:writing	wb1_l9_final_v2_listen_write_6		alphabet		false	true
wb1_l9	87	wb1_l9_d7	wb1_l9_final_v2_listen_write_7	writing	listening-writing	Listen and write exactly what you hear.	I'm from Brazil.		unknown		none	I'm from Brazil.		not-applicable:writing	wb1_l9_final_v2_listen_write_7		alphabet		false	true
wb1_l9	88	wb1_l9_d7	wb1_l9_final_v2_listen_write_8	writing	listening-writing	Listen and write exactly what you hear.	How old is Sofia?		unknown		none	How old is Sofia?		not-applicable:writing	wb1_l9_final_v2_listen_write_8		other		false	true
wb1_l9	89	wb1_l9_d7	wb1_l9_final_v2_shadow_1	speaking	shadowing	Listen and repeat exactly what you hear.	Hi! I’m Sofia.		unknown		none	Hi! I’m Sofia.		not-applicable:speaking	wb1_l9_final_v2_shadow_1		alphabet		false	true
wb1_l9	90	wb1_l9_d7	wb1_l9_final_v2_shadow_2	speaking	shadowing	Listen and repeat exactly what you hear.	When is your birthday?		unknown		none	When is your birthday?		not-applicable:speaking	wb1_l9_final_v2_shadow_2		other		false	true
wb1_l9	91	wb1_l9_d7	wb1_l9_final_v2_shadow_3	speaking	shadowing	Listen and repeat exactly what you hear.	I’m from Brazil.		unknown		none	I’m from Brazil.		not-applicable:speaking	wb1_l9_final_v2_shadow_3		alphabet		false	true
wb1_l9	92	wb1_l9_d7	wb1_l9_final_v2_shadow_4	speaking	shadowing	Listen and repeat exactly what you hear.	You’re welcome.		unknown		none	You’re welcome.		not-applicable:speaking	wb1_l9_final_v2_shadow_4		other		false	true
wb1_l9	93	wb1_l9_d7	wb1_l9_final_v2_shadow_5	speaking	shadowing	Listen and repeat exactly what you hear.	Which line naturally follows “Nice to meet you”?		unknown		none	Which line naturally follows “Nice to meet you”?		not-applicable:speaking	wb1_l9_final_v2_shadow_5		greetings		false	true
wb1_l9	94	wb1_l9_d7	wb1_l9_final_v2_shadow_6	speaking	shadowing	Listen and repeat exactly what you hear.	Where are they?		unknown		none	Where are they?		not-applicable:speaking	wb1_l9_final_v2_shadow_6		other		false	true
wb1_l9	95	wb1_l9_d7	wb1_l9_final_v2_speak_1	speaking	speaking	Listen and answer aloud in English.	What’s your name?		unknown		none	My name is Lucas.		not-applicable:speaking	wb1_l9_final_v2_speak_1		alphabet		false	true
wb1_l9	96	wb1_l9_d7	wb1_l9_final_v2_speak_2	speaking	speaking	Listen and answer aloud in English.	Is she your sister?		unknown		none	No, she isn’t. She’s my friend.		not-applicable:speaking	wb1_l9_final_v2_speak_2		alphabet		false	true
wb1_l9	97	wb1_l9_d7	wb1_l9_final_v2_speak_3	speaking	speaking	Listen and answer aloud in English.	Could you spell your name?		unknown		none	L-U-C-A-S.		not-applicable:speaking	wb1_l9_final_v2_speak_3		alphabet		false	true
wb1_l9	98	wb1_l9_d7	wb1_l9_final_v2_speak_4	speaking	speaking	Listen and answer aloud in English.	When does Sofia meet Ben?		unknown		none	On Tuesday.		not-applicable:speaking	wb1_l9_final_v2_speak_4		other		false	true
wb1_l9	99	wb1_l9_d7	wb1_l9_final_v2_speak_5	speaking	speaking	Listen and answer aloud in English.	How old is Sofia?		unknown		none	She is twelve.		not-applicable:speaking	wb1_l9_final_v2_speak_5		numbers		false	true
wb1_l9	100	wb1_l9_d7	wb1_l9_final_v2_speak_6	speaking	speaking	Listen and answer aloud in English.	Who does Ben introduce?		unknown		none	His friend Maya.		not-applicable:speaking	wb1_l9_final_v2_speak_6		other		false	true
wb1_l10	1	wb1_l10_d1	wb1_l10_d1_e1	identification		Choose the correct time expression.	January		unknown	in January | in March | in summer | in winter	unknown	in January		not-applicable:identification	wb1_l10_d1_e1		other		false	true
wb1_l10	2	wb1_l10_d1	wb1_l10_d1_e2	identification		Choose the correct time expression.	March		unknown	in summer | in March | in winter | in 2026	mixed	in March		not-applicable:identification	wb1_l10_d1_e2		other		false	true
wb1_l10	3	wb1_l10_d1	wb1_l10_d1_e3	identification		Choose the correct time expression.	summer		unknown	in winter | in 2026 | in summer | on Monday	mixed	in summer		not-applicable:identification	wb1_l10_d1_e3		other		false	true
wb1_l10	4	wb1_l10_d1	wb1_l10_d1_e4	identification		Choose the correct time expression.	winter		unknown	in 2026 | on Monday | on April eighth | in winter	mixed	in winter		not-applicable:identification	wb1_l10_d1_e4		other		false	true
wb1_l10	5	wb1_l10_d1	wb1_l10_d1_e5	identification		Choose the correct time expression.	the year 2026		unknown	in 2026 | on Monday | on April eighth | on my birthday	mixed	in 2026		not-applicable:identification	wb1_l10_d1_e5		other		false	true
wb1_l10	6	wb1_l10_d1	wb1_l10_d1_e6	identification		Choose the correct time expression.	Monday		unknown	on April eighth | on Monday | on my birthday | at seven o'clock	unknown	on Monday		not-applicable:identification	wb1_l10_d1_e6		other		false	true
wb1_l10	7	wb1_l10_d1	wb1_l10_d1_e7	identification		Choose the correct time expression.	April eighth		unknown	on my birthday | at seven o'clock | on April eighth | at noon	unknown	on April eighth		not-applicable:identification	wb1_l10_d1_e7		other		false	true
wb1_l10	8	wb1_l10_d1	wb1_l10_d1_e8	identification		Choose the correct time expression.	my birthday		unknown	at seven o'clock | at noon | at night | on my birthday	unknown	on my birthday		not-applicable:identification	wb1_l10_d1_e8		other		false	true
wb1_l10	9	wb1_l10_d1	wb1_l10_d1_e9	identification		Choose the correct time expression.	seven o'clock		unknown	at seven o'clock | at noon | at night | on Friday morning	unknown	at seven o'clock		not-applicable:identification	wb1_l10_d1_e9		alphabet		false	true
wb1_l10	10	wb1_l10_d1	wb1_l10_d1_e10	identification		Choose the correct time expression.	noon		unknown	at night | at noon | on Friday morning | on September third	unknown	at noon		not-applicable:identification	wb1_l10_d1_e10		other		false	true
wb1_l10	11	wb1_l10_d1	wb1_l10_d1_e11	identification		Choose the correct time expression.	night		unknown	on Friday morning | on September third | at night | in the afternoon	unknown	at night		not-applicable:identification	wb1_l10_d1_e11		other		false	true
wb1_l10	12	wb1_l10_d1	wb1_l10_d1_e12	identification		Choose the correct time expression.	Friday morning		unknown	on September third | in the afternoon | at midnight | on Friday morning	unknown	on Friday morning		not-applicable:identification	wb1_l10_d1_e12		other		false	true
wb1_l10	13	wb1_l10_d1	wb1_l10_d1_e13	identification		Choose the correct time expression.	September third		unknown	on September third | in the afternoon | at midnight | in January	unknown	on September third		not-applicable:identification	wb1_l10_d1_e13		other		false	true
wb1_l10	14	wb1_l10_d1	wb1_l10_d1_e14	identification		Choose the correct time expression.	the afternoon		unknown	at midnight | in the afternoon | in January | in March	unknown	in the afternoon		not-applicable:identification	wb1_l10_d1_e14		other		false	true
wb1_l10	15	wb1_l10_d1	wb1_l10_d1_e15	identification		Choose the correct time expression.	midnight		unknown	in January | in March | at midnight | in summer	unknown	at midnight		not-applicable:identification	wb1_l10_d1_e15		other		false	true
wb1_l10	16	wb1_l10_d2	wb1_l10_d2_e1	writing		Complete with in, on, or at.		____ January	unknown		none	in		not-applicable:writing	wb1_l10_d2_e1		other		false	true
wb1_l10	17	wb1_l10_d2	wb1_l10_d2_e2	writing		Complete with in, on, or at.		____ March	unknown		none	in		not-applicable:writing	wb1_l10_d2_e2		other		false	true
wb1_l10	18	wb1_l10_d2	wb1_l10_d2_e3	writing		Complete with in, on, or at.		____ summer	unknown		none	in		not-applicable:writing	wb1_l10_d2_e3		other		false	true
wb1_l10	19	wb1_l10_d2	wb1_l10_d2_e4	writing		Complete with in, on, or at.		____ winter	unknown		none	in		not-applicable:writing	wb1_l10_d2_e4		other		false	true
wb1_l10	20	wb1_l10_d2	wb1_l10_d2_e5	writing		Complete with in, on, or at.		____ 2026	digits		none	in	2026	not-applicable:writing	wb1_l10_d2_e5		other		false	true
wb1_l10	21	wb1_l10_d2	wb1_l10_d2_e6	writing		Complete with in, on, or at.		____ Monday	unknown		none	on		not-applicable:writing	wb1_l10_d2_e6		other		false	true
wb1_l10	22	wb1_l10_d2	wb1_l10_d2_e7	writing		Complete with in, on, or at.		____ April eighth	unknown		none	on		not-applicable:writing	wb1_l10_d2_e7		other		false	true
wb1_l10	23	wb1_l10_d2	wb1_l10_d2_e8	writing		Complete with in, on, or at.		____ my birthday	unknown		none	on		not-applicable:writing	wb1_l10_d2_e8		other		false	true
wb1_l10	24	wb1_l10_d2	wb1_l10_d2_e9	writing		Complete with in, on, or at.		____ seven o'clock	unknown		none	at		not-applicable:writing	wb1_l10_d2_e9		alphabet		false	true
wb1_l10	25	wb1_l10_d2	wb1_l10_d2_e10	writing		Complete with in, on, or at.		____ noon	unknown		none	at		not-applicable:writing	wb1_l10_d2_e10		other		false	true
wb1_l10	26	wb1_l10_d2	wb1_l10_d2_e11	writing		Complete with in, on, or at.		____ night	unknown		none	at		not-applicable:writing	wb1_l10_d2_e11		other		false	true
wb1_l10	27	wb1_l10_d2	wb1_l10_d2_e12	writing		Complete with in, on, or at.		____ Friday morning	unknown		none	on		not-applicable:writing	wb1_l10_d2_e12		other		false	true
wb1_l10	28	wb1_l10_d2	wb1_l10_d2_e13	writing		Complete with in, on, or at.		____ September third	unknown		none	on		not-applicable:writing	wb1_l10_d2_e13		other		false	true
wb1_l10	29	wb1_l10_d2	wb1_l10_d2_e14	writing		Complete with in, on, or at.		____ the afternoon	unknown		none	in		not-applicable:writing	wb1_l10_d2_e14		other		false	true
wb1_l10	30	wb1_l10_d2	wb1_l10_d2_e15	writing		Complete with in, on, or at.		____ midnight	unknown		none	at		not-applicable:writing	wb1_l10_d2_e15		other		false	true
wb1_l10	31	wb1_l10_d3	wb1_l10_d3_e1	multiple-choice		Choose the answer that matches the question.	When is the English class?		unknown	It's on Monday at nine o'clock. | It is in July. | My favorite season is summer. | It is on April eighth.	unknown	It's on Monday at nine o'clock.		not-applicable:multiple-choice	wb1_l10_d3_e1		alphabet		false	true
wb1_l10	32	wb1_l10_d3	wb1_l10_d3_e2	multiple-choice		Choose the answer that matches the question.	When is your birthday?		unknown	My favorite season is summer. | It is in July. | It is on April eighth. | It is at noon.	unknown	It is in July.		not-applicable:multiple-choice	wb1_l10_d3_e2		other		false	true
wb1_l10	33	wb1_l10_d3	wb1_l10_d3_e3	multiple-choice		Choose the answer that matches the question.	What is your favorite season?		unknown	It is on April eighth. | It is at noon. | My favorite season is summer. | I read at night.	unknown	My favorite season is summer.		not-applicable:multiple-choice	wb1_l10_d3_e3		other		false	true
wb1_l10	34	wb1_l10_d3	wb1_l10_d3_e4	multiple-choice		Choose the answer that matches the question.	When is the school trip?		unknown	It is at noon. | I read at night. | Summer follows spring. | It is on April eighth.	unknown	It is on April eighth.		not-applicable:multiple-choice	wb1_l10_d3_e4		other		false	true
wb1_l10	35	wb1_l10_d3	wb1_l10_d3_e5	multiple-choice		Choose the answer that matches the question.	When is lunch?		unknown	It is at noon. | I read at night. | Summer follows spring. | Winter follows fall.	unknown	It is at noon.		not-applicable:multiple-choice	wb1_l10_d3_e5		other		false	true
wb1_l10	36	wb1_l10_d3	wb1_l10_d3_e6	multiple-choice		Choose the answer that matches the question.	When do you read?		unknown	Summer follows spring. | I read at night. | Winter follows fall. | March, April, and May.	unknown	I read at night.		not-applicable:multiple-choice	wb1_l10_d3_e6		alphabet		false	true
wb1_l10	37	wb1_l10_d3	wb1_l10_d3_e7	multiple-choice		Choose the answer that matches the question.	What season follows spring?		unknown	Winter follows fall. | March, April, and May. | Summer follows spring. | December, January, and February.	unknown	Summer follows spring.		not-applicable:multiple-choice	wb1_l10_d3_e7		other		false	true
wb1_l10	38	wb1_l10_d3	wb1_l10_d3_e8	multiple-choice		Choose the answer that matches the question.	What season follows fall?		unknown	March, April, and May. | December, January, and February. | No. It is on Monday. | Winter follows fall.	unknown	Winter follows fall.		not-applicable:multiple-choice	wb1_l10_d3_e8		other		false	true
wb1_l10	39	wb1_l10_d3	wb1_l10_d3_e9	multiple-choice		Choose the answer that matches the question.	What months are in Northern Hemisphere spring?		unknown	March, April, and May. | December, January, and February. | No. It is on Monday. | No. It is in July.	unknown	March, April, and May.		not-applicable:multiple-choice	wb1_l10_d3_e9		other		false	true
wb1_l10	40	wb1_l10_d3	wb1_l10_d3_e10	multiple-choice		Choose the answer that matches the question.	What months are in Northern Hemisphere winter?		unknown	No. It is on Monday. | December, January, and February. | No. It is in July. | No. It is at seven o'clock.	unknown	December, January, and February.		not-applicable:multiple-choice	wb1_l10_d3_e10		other		false	true
wb1_l10	41	wb1_l10_d3	wb1_l10_d3_e11	multiple-choice		Choose the answer that matches the question.	Is your class in Monday?		unknown	No. It is in July. | No. It is at seven o'clock. | No. It is on Monday. | It is October second.	unknown	No. It is on Monday.		not-applicable:multiple-choice	wb1_l10_d3_e11		other		false	true
wb1_l10	42	wb1_l10_d3	wb1_l10_d3_e12	multiple-choice		Choose the answer that matches the question.	Is the party at July?		unknown	No. It is at seven o'clock. | It is October second. | It is on Friday morning. | No. It is in July.	unknown	No. It is in July.		not-applicable:multiple-choice	wb1_l10_d3_e12		other		false	true
wb1_l10	43	wb1_l10_d3	wb1_l10_d3_e13	multiple-choice		Choose the answer that matches the question.	Is dinner on seven o’clock?		unknown	No. It is at seven o'clock. | It is October second. | It is on Friday morning. | It's on Monday at nine o'clock.	unknown	No. It is at seven o'clock.		not-applicable:multiple-choice	wb1_l10_d3_e13		alphabet		false	true
wb1_l10	44	wb1_l10_d3	wb1_l10_d3_e14	multiple-choice		Choose the answer that matches the question.	What is the date?		unknown	It is on Friday morning. | It is October second. | It's on Monday at nine o'clock. | It is in July.	unknown	It is October second.		not-applicable:multiple-choice	wb1_l10_d3_e14		other		false	true
wb1_l10	45	wb1_l10_d3	wb1_l10_d3_e15	multiple-choice		Choose the answer that matches the question.	When is the meeting?		unknown	It's on Monday at nine o'clock. | It is in July. | It is on Friday morning. | My favorite season is summer.	unknown	It is on Friday morning.		not-applicable:multiple-choice	wb1_l10_d3_e15		other		false	true
wb1_l10	46	wb1_l10_d4	wb1_l10_d4_e1	speaking		Listen to Dialogue 1 and repeat.	Maya: When is your birthday? Ben: It's on January fifteenth. Maya: Is it in winter? Ben: In this Northern Hemisphere example, yes, it is.	Dialogue 1 — A birthday Maya: When is your birthday? Ben: It's on January fifteenth. Maya: Is it in winter? Ben: In this Northern Hemisphere example, yes, it is.	mixed		none	Maya: When is your birthday? Ben: It's on January fifteenth. Maya: Is it in winter? Ben: In this Northern Hemisphere example, yes, it is.		not-applicable:speaking	wb1_l10_d4_e1		alphabet		false	true
wb1_l10	47	wb1_l10_d4	wb1_l10_d4_e2	speaking		Listen to Dialogue 2 and repeat.	Teacher: When is our trip? Leo: It's on April eighth. Teacher: What time? Leo: At seven o'clock. Maya: That's in spring in our Northern Hemisphere calendar.	Dialogue 2 — A class trip Teacher: When is our trip? Leo: It's on April eighth. Teacher: What time? Leo: At seven o'clock. Maya: That's in spring in our Northern Hemisphere calendar.	mixed		none	Teacher: When is our trip? Leo: It's on April eighth. Teacher: What time? Leo: At seven o'clock. Maya: That's in spring in our Northern Hemisphere calendar.		not-applicable:speaking	wb1_l10_d4_e2		alphabet		false	true
wb1_l10	48	wb1_l10_d4	wb1_l10_d4_e3	multiple-choice		Listen and choose the best answer.	When is Ben’s birthday?		unknown	On January fifteenth. | In January fifteen. | At January fifteenth. | On winter.	unknown	On January fifteenth.		not-applicable:multiple-choice	wb1_l10_d4_e3		alphabet		false	true
wb1_l10	49	wb1_l10_d4	wb1_l10_d4_e4	multiple-choice		Listen and choose the best answer.	What season is used for January in Dialogue 1?		unknown	Spring. | Winter. | Summer. | Fall.	unknown	Winter.		not-applicable:multiple-choice	wb1_l10_d4_e4		other		false	true
wb1_l10	50	wb1_l10_d4	wb1_l10_d4_e5	multiple-choice		Listen and choose the best answer.	When is the class trip?		unknown	In April eighth. | At April eighth. | On April eighth. | On April eight.	unknown	On April eighth.		not-applicable:multiple-choice	wb1_l10_d4_e5		other		false	true
wb1_l10	51	wb1_l10_d4	wb1_l10_d4_e6	multiple-choice		Listen and choose the best answer.	What time is the trip?		unknown	On seven o'clock. | In seven o'clock. | At seven date. | At seven o'clock.	unknown	At seven o'clock.		not-applicable:multiple-choice	wb1_l10_d4_e6		alphabet		false	true
wb1_l10	52	wb1_l10_d4	wb1_l10_d4_e7	writing		Write the correct answer.	It's on April eighth.	Complete: It's ____ April eighth.	unknown		none	on		not-applicable:writing	wb1_l10_d4_e7		alphabet		false	true
wb1_l10	53	wb1_l10_d4	wb1_l10_d4_e8	writing		Write the correct answer.	It's at seven o'clock.	Complete: It's ____ seven o'clock.	unknown		none	at		not-applicable:writing	wb1_l10_d4_e8		alphabet		false	true
wb1_l10	54	wb1_l10_d4	wb1_l10_d4_e9	speaking		Say the climate statement carefully.	It's in spring in this Northern Hemisphere example.	It's in spring in this Northern Hemisphere example.	unknown		none	It's in spring in this Northern Hemisphere example.		not-applicable:speaking	wb1_l10_d4_e9		alphabet		false	true
wb1_l10	55	wb1_l10_d4	wb1_l10_d4_e10	multiple-choice		Listen and choose the best answer.	Why does Maya say “our Northern Hemisphere calendar”?		unknown	Season months depend on the hemisphere. | Every country has the same weather. | April is always cold. | There are no seasons elsewhere.	unknown	Season months depend on the hemisphere.		not-applicable:multiple-choice	wb1_l10_d4_e10		other		false	true
wb1_l10	56	wb1_l10_d5	wb1_l10_d5_e1	speaking		Say the complete time expression or answer.	My birthday is in January.	January	unknown		none	My birthday is in January.		not-applicable:speaking	wb1_l10_d5_e1		other		false	true
wb1_l10	57	wb1_l10_d5	wb1_l10_d5_e2	speaking		Say the complete time expression or answer.	I like summer.	summer	unknown		none	I like summer.		not-applicable:speaking	wb1_l10_d5_e2		alphabet		false	true
wb1_l10	58	wb1_l10_d5	wb1_l10_d5_e3	speaking		Say the complete time expression or answer.	Winter is cold in this Northern Hemisphere example.	winter	unknown		none	Winter is cold in this Northern Hemisphere example.		not-applicable:speaking	wb1_l10_d5_e3		other		false	true
wb1_l10	59	wb1_l10_d5	wb1_l10_d5_e4	speaking		Say the complete time expression or answer.	My English class is on Monday.	Monday	unknown		none	My English class is on Monday.		not-applicable:speaking	wb1_l10_d5_e4		other		false	true
wb1_l10	60	wb1_l10_d5	wb1_l10_d5_e5	speaking		Say the complete time expression or answer.	The trip is on April eighth.	April eighth	unknown		none	The trip is on April eighth.		not-applicable:speaking	wb1_l10_d5_e5		other		false	true
wb1_l10	61	wb1_l10_d5	wb1_l10_d5_e6	speaking		Say the complete time expression or answer.	Class starts at seven o'clock.	seven o'clock	unknown		none	Class starts at seven o'clock.		not-applicable:speaking	wb1_l10_d5_e6		alphabet		false	true
wb1_l10	62	wb1_l10_d5	wb1_l10_d5_e7	speaking		Say the complete time expression or answer.	We have lunch at noon.	noon	unknown		none	We have lunch at noon.		not-applicable:speaking	wb1_l10_d5_e7		other		false	true
wb1_l10	63	wb1_l10_d5	wb1_l10_d5_e8	speaking		Say the complete time expression or answer.	I read at night.	night	unknown		none	I read at night.		not-applicable:speaking	wb1_l10_d5_e8		alphabet		false	true
wb1_l10	64	wb1_l10_d5	wb1_l10_d5_e9	speaking		Say the complete time expression or answer.	When is your birthday?	birthday question	unknown		none	When is your birthday?		not-applicable:speaking	wb1_l10_d5_e9		other		false	true
wb1_l10	65	wb1_l10_d5	wb1_l10_d5_e10	speaking		Say the complete time expression or answer.	What is your favorite season?	season question	unknown		none	What is your favorite season?		not-applicable:speaking	wb1_l10_d5_e10		other		false	true
wb1_l10	66	wb1_l10_d5	wb1_l10_d5_e11	speaking		Say the complete time expression or answer.	What is the date?	date question	unknown		none	What is the date?		not-applicable:speaking	wb1_l10_d5_e11		other		false	true
wb1_l10	67	wb1_l10_d5	wb1_l10_d5_e12	speaking		Say the complete time expression or answer.	When is the English class?	class question	unknown		none	When is the English class?		not-applicable:speaking	wb1_l10_d5_e12		other		false	true
wb1_l10	68	wb1_l10_d5	wb1_l10_d5_e13	speaking		Say the complete time expression or answer.	The trip isn't in May. It's in June.	negative correction	unknown		none	The trip isn't in May. It's in June.		not-applicable:speaking	wb1_l10_d5_e13		alphabet		false	true
wb1_l10	69	wb1_l10_d5	wb1_l10_d5_e14	speaking		Say the complete time expression or answer.	It's on Tuesday at nine.	contracted time	unknown		none	It's on Tuesday at nine.		not-applicable:speaking	wb1_l10_d5_e14		alphabet		false	true
wb1_l10	70	wb1_l10_d5	wb1_l10_d5_e15	speaking		Say the complete time expression or answer.	My birthday is in July, and my class is on Monday at nine o'clock.	personal schedule	unknown		none	My birthday is in July, and my class is on Monday at nine o'clock.		not-applicable:speaking	wb1_l10_d5_e15		alphabet		false	true
wb1_l10	71	wb1_l10_d6	wb1_l10_d6_e1	speaking		Listen to and read the complete text.	The Learnendo class makes a calendar for 2026. The examples use seasons in the Northern Hemisphere. Spring is in March, April, and May. The class picnic is on April eighth at noon. Summer is in June, July, and August, and Maya’s birthday is on July twelfth. Fall, or autumn, is in September, October, and November. A school festival is on October second at seven o’clock. Winter is in December, January, and February. Ben likes to read at night in winter. The students know that seasons occur in different months in the Southern Hemisphere, so these month groups are not universal. Their calendar shows months, dates, seasons, and exact times clearly.	Reading — Our 2026 Calendar  The Learnendo class makes a calendar for 2026. The examples use seasons in the Northern Hemisphere. Spring is in March, April, and May. The class picnic is on April eighth at noon. Summer is in June, July, and August, and Maya’s birthday is on July twelfth. Fall, or autumn, is in September, October, and November. A school festival is on October second at seven o’clock. Winter is in December, January, and February. Ben likes to read at night in winter. The students know that seasons occur in different months in the Southern Hemisphere, so these month groups are not universal. Their calendar shows months, dates, seasons, and exact times clearly.	mixed		none	The Learnendo class makes a calendar for 2026. The examples use seasons in the Northern Hemisphere. Spring is in March, April, and May. The class picnic is on April eighth at noon. Summer is in June, July, and August, and Maya’s birthday is on July twelfth. Fall, or autumn, is in September, October, and November. A school festival is on October second at seven o’clock. Winter is in December, January, and February. Ben likes to read at night in winter. The students know that seasons occur in different months in the Southern Hemisphere, so these month groups are not universal. Their calendar shows months, dates, seasons, and exact times clearly.		not-applicable:speaking	wb1_l10_d6_e1		operations		false	true
wb1_l10	72	wb1_l10_d6	wb1_l10_d6_e2	multiple-choice		Answer from the reading.	What year is on the calendar?		unknown	2026. | The Northern Hemisphere. | March, April, and May. | On April eighth at noon.	mixed	2026.	2026	not-applicable:multiple-choice	wb1_l10_d6_e2		other		false	true
wb1_l10	73	wb1_l10_d6	wb1_l10_d6_e3	multiple-choice		Answer from the reading.	Which hemisphere is used for the examples?		unknown	March, April, and May. | The Northern Hemisphere. | On April eighth at noon. | June, July, and August.	unknown	The Northern Hemisphere.		not-applicable:multiple-choice	wb1_l10_d6_e3		other		false	true
wb1_l10	74	wb1_l10_d6	wb1_l10_d6_e4	multiple-choice		Answer from the reading.	Which months are in spring?		unknown	On April eighth at noon. | June, July, and August. | March, April, and May. | On July twelfth.	unknown	March, April, and May.		not-applicable:multiple-choice	wb1_l10_d6_e4		other		false	true
wb1_l10	75	wb1_l10_d6	wb1_l10_d6_e5	multiple-choice		Answer from the reading.	When is the class picnic?		unknown	June, July, and August. | On July twelfth. | Autumn. | On April eighth at noon.	unknown	On April eighth at noon.		not-applicable:multiple-choice	wb1_l10_d6_e5		other		false	true
wb1_l10	76	wb1_l10_d6	wb1_l10_d6_e6	multiple-choice		Answer from the reading.	Which months are in summer?		unknown	June, July, and August. | On July twelfth. | Autumn. | September, October, and November.	unknown	June, July, and August.		not-applicable:multiple-choice	wb1_l10_d6_e6		other		false	true
wb1_l10	77	wb1_l10_d6	wb1_l10_d6_e7	multiple-choice		Answer from the reading.	When is Maya’s birthday?		unknown	Autumn. | On July twelfth. | September, October, and November. | On October second at seven o'clock.	unknown	On July twelfth.		not-applicable:multiple-choice	wb1_l10_d6_e7		alphabet		false	true
wb1_l10	78	wb1_l10_d6	wb1_l10_d6_e8	multiple-choice		Answer from the reading.	What is another word for fall?		unknown	September, October, and November. | On October second at seven o'clock. | Autumn. | December, January, and February.	unknown	Autumn.		not-applicable:multiple-choice	wb1_l10_d6_e8		other		false	true
wb1_l10	79	wb1_l10_d6	wb1_l10_d6_e9	multiple-choice		Answer from the reading.	Which months are in fall?		unknown	On October second at seven o'clock. | December, January, and February. | At night in winter. | September, October, and November.	unknown	September, October, and November.		not-applicable:multiple-choice	wb1_l10_d6_e9		other		false	true
wb1_l10	80	wb1_l10_d6	wb1_l10_d6_e10	multiple-choice		Answer from the reading.	When is the school festival?		unknown	On October second at seven o'clock. | December, January, and February. | At night in winter. | No, they are not.	unknown	On October second at seven o'clock.		not-applicable:multiple-choice	wb1_l10_d6_e10		alphabet		false	true
wb1_l10	81	wb1_l10_d7	wb1_l10_final_v2_listen_write_1	writing	listening-writing	Listen and write exactly what you hear.	January		unknown		none	January		not-applicable:writing	wb1_l10_final_v2_listen_write_1		other		false	true
wb1_l10	82	wb1_l10_d7	wb1_l10_final_v2_listen_write_2	writing	listening-writing	Listen and write exactly what you hear.	night		unknown		none	night		not-applicable:writing	wb1_l10_final_v2_listen_write_2		other		false	true
wb1_l10	83	wb1_l10_d7	wb1_l10_final_v2_listen_write_3	writing	listening-writing	Listen and write exactly what you hear.	on Monday		unknown		none	on Monday		not-applicable:writing	wb1_l10_final_v2_listen_write_3		other		false	true
wb1_l10	84	wb1_l10_d7	wb1_l10_final_v2_listen_write_4	writing	listening-writing	Listen and write exactly what you hear.	When is the English class?		unknown		none	When is the English class?		not-applicable:writing	wb1_l10_final_v2_listen_write_4		other		false	true
wb1_l10	85	wb1_l10_d7	wb1_l10_final_v2_listen_write_5	writing	listening-writing	Listen and write exactly what you hear.	Is your class in Monday?		unknown		none	Is your class in Monday?		not-applicable:writing	wb1_l10_final_v2_listen_write_5		other		false	true
wb1_l10	86	wb1_l10_d7	wb1_l10_final_v2_listen_write_6	writing	listening-writing	Listen and write exactly what you hear.	When is the class trip?		unknown		none	When is the class trip?		not-applicable:writing	wb1_l10_final_v2_listen_write_6		other		false	true
wb1_l10	87	wb1_l10_d7	wb1_l10_final_v2_listen_write_7	writing	listening-writing	Listen and write exactly what you hear.	My English class is on Monday.		unknown		none	My English class is on Monday.		not-applicable:writing	wb1_l10_final_v2_listen_write_7		other		false	true
wb1_l10	88	wb1_l10_d7	wb1_l10_final_v2_listen_write_8	writing	listening-writing	Listen and write exactly what you hear.	What year is on the calendar?		unknown		none	What year is on the calendar?		not-applicable:writing	wb1_l10_final_v2_listen_write_8		other		false	true
wb1_l10	89	wb1_l10_d7	wb1_l10_final_v2_shadow_1	speaking	shadowing	Listen and repeat exactly what you hear.	the year 2026		unknown		none	the year 2026		not-applicable:speaking	wb1_l10_final_v2_shadow_1		other		false	true
wb1_l10	90	wb1_l10_d7	wb1_l10_final_v2_shadow_2	speaking	shadowing	Listen and repeat exactly what you hear.	on Monday		unknown		none	on Monday		not-applicable:speaking	wb1_l10_final_v2_shadow_2		other		false	true
wb1_l10	91	wb1_l10_d7	wb1_l10_final_v2_shadow_3	speaking	shadowing	Listen and repeat exactly what you hear.	What is your favorite season?		unknown		none	What is your favorite season?		not-applicable:speaking	wb1_l10_final_v2_shadow_3		other		false	true
wb1_l10	92	wb1_l10_d7	wb1_l10_final_v2_shadow_4	speaking	shadowing	Listen and repeat exactly what you hear.	What is the date?		unknown		none	What is the date?		not-applicable:speaking	wb1_l10_final_v2_shadow_4		other		false	true
wb1_l10	93	wb1_l10_d7	wb1_l10_final_v2_shadow_5	speaking	shadowing	Listen and repeat exactly what you hear.	Why does Maya say “our Northern Hemisphere calendar”?		unknown		none	Why does Maya say “our Northern Hemisphere calendar”?		not-applicable:speaking	wb1_l10_final_v2_shadow_5		other		false	true
wb1_l10	94	wb1_l10_d7	wb1_l10_final_v2_shadow_6	speaking	shadowing	Listen and repeat exactly what you hear.	My birthday is in July, and my class is on Monday at nine o'clock.		unknown		none	My birthday is in July, and my class is on Monday at nine o'clock.		not-applicable:speaking	wb1_l10_final_v2_shadow_6		alphabet		false	true
wb1_l10	95	wb1_l10_d7	wb1_l10_final_v2_speak_1	speaking	speaking	Listen and answer aloud in English.	When is the English class?		unknown		none	It's on Monday at nine o'clock.		not-applicable:speaking	wb1_l10_final_v2_speak_1		alphabet		false	true
wb1_l10	96	wb1_l10_d7	wb1_l10_final_v2_speak_2	speaking	speaking	Listen and answer aloud in English.	When do you read?		unknown		none	I read at night.		not-applicable:speaking	wb1_l10_final_v2_speak_2		alphabet		false	true
wb1_l10	97	wb1_l10_d7	wb1_l10_final_v2_speak_3	speaking	speaking	Listen and answer aloud in English.	Is the party at July?		unknown		none	No. It is in July.		not-applicable:speaking	wb1_l10_final_v2_speak_3		other		false	true
wb1_l10	98	wb1_l10_d7	wb1_l10_final_v2_speak_4	speaking	speaking	Listen and answer aloud in English.	What season is used for January in Dialogue 1?		unknown		none	Winter.		not-applicable:speaking	wb1_l10_final_v2_speak_4		other		false	true
wb1_l10	99	wb1_l10_d7	wb1_l10_final_v2_speak_5	speaking	speaking	Listen and answer aloud in English.	What year is on the calendar?		unknown		none	2026.	2026	not-applicable:speaking	wb1_l10_final_v2_speak_5		other		false	true
wb1_l10	100	wb1_l10_d7	wb1_l10_final_v2_speak_6	speaking	speaking	Listen and answer aloud in English.	When is Maya’s birthday?		unknown		none	On July twelfth.		not-applicable:speaking	wb1_l10_final_v2_speak_6		alphabet		false	true
wb1_l11	1	wb1_l11_d1	wb1_l11_d1_e1	identification		Choose the question word.	___ is your name?		unknown	What | Who | Where | When	unknown	What		not-applicable:identification	wb1_l11_d1_e1		other		false	true
wb1_l11	2	wb1_l11_d1	wb1_l11_d1_e2	identification		Choose the question word.	___ is he?		unknown	Where | Who | When | How	unknown	Who		not-applicable:identification	wb1_l11_d1_e2		other		false	true
wb1_l11	3	wb1_l11_d1	wb1_l11_d1_e3	identification		Choose the question word.	___ is she?		unknown	What | Where | Who | When	unknown	Who		not-applicable:identification	wb1_l11_d1_e3		other		false	true
wb1_l11	4	wb1_l11_d1	wb1_l11_d1_e4	identification		Choose the question word.	___ are you from?		unknown	Who | When | How | Where	unknown	Where		not-applicable:identification	wb1_l11_d1_e4		other		false	true
wb1_l11	5	wb1_l11_d1	wb1_l11_d1_e5	identification		Choose the question word.	___ is the teacher?		unknown	Where | What | Who | When	unknown	Where		not-applicable:identification	wb1_l11_d1_e5		other		false	true
wb1_l11	6	wb1_l11_d1	wb1_l11_d1_e6	identification		Choose the question word.	___ is your birthday?		unknown	Who | When | Where | How	unknown	When		not-applicable:identification	wb1_l11_d1_e6		other		false	true
wb1_l11	7	wb1_l11_d1	wb1_l11_d1_e7	identification		Choose the question word.	___ day is it today?		unknown	Who | Where | What | When	unknown	What		not-applicable:identification	wb1_l11_d1_e7		other		false	true
wb1_l11	8	wb1_l11_d1	wb1_l11_d1_e8	identification		Choose the question word.	___ month is it?		unknown	Where | When | How | What	unknown	What		not-applicable:identification	wb1_l11_d1_e8		other		false	true
wb1_l11	9	wb1_l11_d1	wb1_l11_d1_e9	identification		Choose the question word.	___ is the date?		unknown	What | Who | Where | When	unknown	What		not-applicable:identification	wb1_l11_d1_e9		other		false	true
wb1_l11	10	wb1_l11_d1	wb1_l11_d1_e10	identification		Choose the question word.	___ old are you?		unknown	Who | How | Where | When	unknown	How		not-applicable:identification	wb1_l11_d1_e10		other		false	true
wb1_l11	11	wb1_l11_d1	wb1_l11_d1_e11	identification		Choose the question word.	___ old is she?		unknown	What | Who | How | Where	unknown	How		not-applicable:identification	wb1_l11_d1_e11		other		false	true
wb1_l11	12	wb1_l11_d1	wb1_l11_d1_e12	identification		Choose the question word.	___ is your class?		unknown	Who | Where | How | When	unknown	When		not-applicable:identification	wb1_l11_d1_e12		other		false	true
wb1_l11	13	wb1_l11_d1	wb1_l11_d1_e13	identification		Choose the question word.	___ is from Mexico?		unknown	Who | What | Where | When	unknown	Who		not-applicable:identification	wb1_l11_d1_e13		other		false	true
wb1_l11	14	wb1_l11_d1	wb1_l11_d1_e14	identification		Choose the question word.	___ are the students?		unknown	Who | Where | When | How	unknown	Where		not-applicable:identification	wb1_l11_d1_e14		other		false	true
wb1_l11	15	wb1_l11_d1	wb1_l11_d1_e15	identification		Choose the question word.	___ season is it?		unknown	Who | Where | What | When	unknown	What		not-applicable:identification	wb1_l11_d1_e15		other		false	true
wb1_l11	16	wb1_l11_d2	wb1_l11_d2_e1	writing		Put the words in order and write the complete question.	name / your / what / is	name / your / what / is	unknown		none	What is your name?		not-applicable:writing	wb1_l11_d2_e1		other		false	true
wb1_l11	17	wb1_l11_d2	wb1_l11_d2_e2	writing		Put the words in order and write the complete question.	he / who / is	he / who / is	unknown		none	Who is he?		not-applicable:writing	wb1_l11_d2_e2		other		false	true
wb1_l11	18	wb1_l11_d2	wb1_l11_d2_e3	writing		Put the words in order and write the complete question.	she / who / is	she / who / is	unknown		none	Who is she?		not-applicable:writing	wb1_l11_d2_e3		other		false	true
wb1_l11	19	wb1_l11_d2	wb1_l11_d2_e4	writing		Put the words in order and write the complete question.	from / where / you / are	from / where / you / are	unknown		none	Where are you from?		not-applicable:writing	wb1_l11_d2_e4		other		false	true
wb1_l11	20	wb1_l11_d2	wb1_l11_d2_e5	writing		Put the words in order and write the complete question.	teacher / where / the / is	teacher / where / the / is	unknown		none	Where is the teacher?		not-applicable:writing	wb1_l11_d2_e5		other		false	true
wb1_l11	21	wb1_l11_d2	wb1_l11_d2_e6	writing		Put the words in order and write the complete question.	birthday / when / your / is	birthday / when / your / is	unknown		none	When is your birthday?		not-applicable:writing	wb1_l11_d2_e6		other		false	true
wb1_l11	22	wb1_l11_d2	wb1_l11_d2_e7	writing		Put the words in order and write the complete question.	today / day / what / it / is	today / day / what / it / is	unknown		none	What day is it today?		not-applicable:writing	wb1_l11_d2_e7		other		false	true
wb1_l11	23	wb1_l11_d2	wb1_l11_d2_e8	writing		Put the words in order and write the complete question.	month / what / it / is	month / what / it / is	unknown		none	What month is it?		not-applicable:writing	wb1_l11_d2_e8		other		false	true
wb1_l11	24	wb1_l11_d2	wb1_l11_d2_e9	writing		Put the words in order and write the complete question.	date / the / what / is	date / the / what / is	unknown		none	What is the date?		not-applicable:writing	wb1_l11_d2_e9		other		false	true
wb1_l11	25	wb1_l11_d2	wb1_l11_d2_e10	writing		Put the words in order and write the complete question.	you / how old / are	you / how old / are	unknown		none	How old are you?		not-applicable:writing	wb1_l11_d2_e10		other		false	true
wb1_l11	26	wb1_l11_d2	wb1_l11_d2_e11	writing		Put the words in order and write the complete question.	she / how old / is	she / how old / is	unknown		none	How old is she?		not-applicable:writing	wb1_l11_d2_e11		other		false	true
wb1_l11	27	wb1_l11_d2	wb1_l11_d2_e12	writing		Put the words in order and write the complete question.	class / when / the / is	class / when / the / is	unknown		none	When is the class?		not-applicable:writing	wb1_l11_d2_e12		other		false	true
wb1_l11	28	wb1_l11_d2	wb1_l11_d2_e13	writing		Put the words in order and write the complete question.	Mexico / who / from / is	Mexico / who / from / is	unknown		none	Who is from Mexico?		not-applicable:writing	wb1_l11_d2_e13		other		false	true
wb1_l11	29	wb1_l11_d2	wb1_l11_d2_e14	writing		Put the words in order and write the complete question.	students / where / the / are	students / where / the / are	unknown		none	Where are the students?		not-applicable:writing	wb1_l11_d2_e14		other		false	true
wb1_l11	30	wb1_l11_d2	wb1_l11_d2_e15	writing		Put the words in order and write the complete question.	season / what / it / is	season / what / it / is	unknown		none	What season is it?		not-applicable:writing	wb1_l11_d2_e15		other		false	true
wb1_l11	31	wb1_l11_d3	wb1_l11_d3_e1	multiple-choice		Choose the answer that matches the WH-question.	What is your name?		unknown	My name is Maya. | He is Leo. | She is my teacher. | I am from Brazil.	unknown	My name is Maya.		not-applicable:multiple-choice	wb1_l11_d3_e1		other		false	true
wb1_l11	32	wb1_l11_d3	wb1_l11_d3_e2	multiple-choice		Choose the answer that matches the WH-question.	Who is he?		unknown	She is my teacher. | He is Leo. | I am from Brazil. | She is in the classroom.	unknown	He is Leo.		not-applicable:multiple-choice	wb1_l11_d3_e2		other		false	true
wb1_l11	33	wb1_l11_d3	wb1_l11_d3_e3	multiple-choice		Choose the answer that matches the WH-question.	Who is she?		unknown	I am from Brazil. | She is in the classroom. | She is my teacher. | It is in July.	unknown	She is my teacher.		not-applicable:multiple-choice	wb1_l11_d3_e3		other		false	true
wb1_l11	34	wb1_l11_d3	wb1_l11_d3_e4	multiple-choice		Choose the answer that matches the WH-question.	Where are you from?		unknown	She is in the classroom. | It is in July. | It is Monday. | I am from Brazil.	unknown	I am from Brazil.		not-applicable:multiple-choice	wb1_l11_d3_e4		alphabet		false	true
wb1_l11	35	wb1_l11_d3	wb1_l11_d3_e5	multiple-choice		Choose the answer that matches the WH-question.	Where is the teacher?		unknown	She is in the classroom. | It is in July. | It is Monday. | It is September.	unknown	She is in the classroom.		not-applicable:multiple-choice	wb1_l11_d3_e5		other		false	true
wb1_l11	36	wb1_l11_d3	wb1_l11_d3_e6	multiple-choice		Choose the answer that matches the WH-question.	When is your birthday?		unknown	It is Monday. | It is in July. | It is September. | It is September third.	unknown	It is in July.		not-applicable:multiple-choice	wb1_l11_d3_e6		other		false	true
wb1_l11	37	wb1_l11_d3	wb1_l11_d3_e7	multiple-choice		Choose the answer that matches the WH-question.	What day is it today?		unknown	It is September. | It is September third. | It is Monday. | I am eleven.	unknown	It is Monday.		not-applicable:multiple-choice	wb1_l11_d3_e7		other		false	true
wb1_l11	38	wb1_l11_d3	wb1_l11_d3_e8	multiple-choice		Choose the answer that matches the WH-question.	What month is it?		unknown	It is September third. | I am eleven. | She is twelve. | It is September.	unknown	It is September.		not-applicable:multiple-choice	wb1_l11_d3_e8		other		false	true
wb1_l11	39	wb1_l11_d3	wb1_l11_d3_e9	multiple-choice		Choose the answer that matches the WH-question.	What is the date?		unknown	It is September third. | I am eleven. | She is twelve. | It is at nine o'clock.	unknown	It is September third.		not-applicable:multiple-choice	wb1_l11_d3_e9		other		false	true
wb1_l11	40	wb1_l11_d3	wb1_l11_d3_e10	multiple-choice		Choose the answer that matches the WH-question.	How old are you?		unknown	She is twelve. | I am eleven. | It is at nine o'clock. | Maya is from Mexico.	unknown	I am eleven.		not-applicable:multiple-choice	wb1_l11_d3_e10		alphabet		false	true
wb1_l11	41	wb1_l11_d3	wb1_l11_d3_e11	multiple-choice		Choose the answer that matches the WH-question.	How old is she?		unknown	It is at nine o'clock. | Maya is from Mexico. | She is twelve. | They are at school.	unknown	She is twelve.		not-applicable:multiple-choice	wb1_l11_d3_e11		numbers		false	true
wb1_l11	42	wb1_l11_d3	wb1_l11_d3_e12	multiple-choice		Choose the answer that matches the WH-question.	When is the class?		unknown	Maya is from Mexico. | They are at school. | It is spring in this example. | It is at nine o'clock.	unknown	It is at nine o'clock.		not-applicable:multiple-choice	wb1_l11_d3_e12		alphabet		false	true
wb1_l11	43	wb1_l11_d3	wb1_l11_d3_e13	multiple-choice		Choose the answer that matches the WH-question.	Who is from Mexico?		unknown	Maya is from Mexico. | They are at school. | It is spring in this example. | My name is Maya.	unknown	Maya is from Mexico.		not-applicable:multiple-choice	wb1_l11_d3_e13		other		false	true
wb1_l11	44	wb1_l11_d3	wb1_l11_d3_e14	multiple-choice		Choose the answer that matches the WH-question.	Where are the students?		unknown	It is spring in this example. | They are at school. | My name is Maya. | He is Leo.	unknown	They are at school.		not-applicable:multiple-choice	wb1_l11_d3_e14		other		false	true
wb1_l11	45	wb1_l11_d3	wb1_l11_d3_e15	multiple-choice		Choose the answer that matches the WH-question.	What season is it?		unknown	My name is Maya. | He is Leo. | It is spring in this example. | She is my teacher.	unknown	It is spring in this example.		not-applicable:multiple-choice	wb1_l11_d3_e15		other		false	true
wb1_l11	46	wb1_l11_d4	wb1_l11_d4_e1	speaking		Listen to Dialogue 1 and repeat.	Maya: What's your name? Amir: My name is Amir. Maya: Where are you from? Amir: I'm from Egypt. Maya: How old are you? Amir: I'm eleven.	Dialogue 1 — A new student Maya: What's your name? Amir: My name is Amir. Maya: Where are you from? Amir: I'm from Egypt. Maya: How old are you? Amir: I'm eleven.	mixed		none	Maya: What's your name? Amir: My name is Amir. Maya: Where are you from? Amir: I'm from Egypt. Maya: How old are you? Amir: I'm eleven.		not-applicable:speaking	wb1_l11_d4_e1		alphabet		false	true
wb1_l11	47	wb1_l11_d4	wb1_l11_d4_e2	speaking		Listen to Dialogue 2 and repeat.	Amir: Who is she? Leo: She's Ms. Green. Amir: Where is she? Leo: She's in the classroom. Amir: When is English class? Leo: It's on Monday at nine.	Dialogue 2 — People, place, and time Amir: Who is she? Leo: She's Ms. Green. Amir: Where is she? Leo: She's in the classroom. Amir: When is English class? Leo: It's on Monday at nine.	mixed		none	Amir: Who is she? Leo: She's Ms. Green. Amir: Where is she? Leo: She's in the classroom. Amir: When is English class? Leo: It's on Monday at nine.		not-applicable:speaking	wb1_l11_d4_e2		colors		false	true
wb1_l11	48	wb1_l11_d4	wb1_l11_d4_e3	multiple-choice		Listen and choose the best answer.	What is the new student’s name?		unknown	His name is Amir. | He is eleven. | He is from Egypt. | He is in class.	unknown	His name is Amir.		not-applicable:multiple-choice	wb1_l11_d4_e3		alphabet		false	true
wb1_l11	49	wb1_l11_d4	wb1_l11_d4_e4	multiple-choice		Listen and choose the best answer.	Where is Amir from?		unknown	He is from Brazil. | He is from Egypt. | He is eleven. | He is a teacher.	unknown	He is from Egypt.		not-applicable:multiple-choice	wb1_l11_d4_e4		other		false	true
wb1_l11	50	wb1_l11_d4	wb1_l11_d4_e5	multiple-choice		Listen and choose the best answer.	How old is Amir?		unknown	He is Amir. | He is from Egypt. | He is eleven. | He is in class.	unknown	He is eleven.		not-applicable:multiple-choice	wb1_l11_d4_e5		numbers		false	true
wb1_l11	51	wb1_l11_d4	wb1_l11_d4_e6	multiple-choice		Listen and choose the best answer.	Who is Ms. Green?		unknown	She is Amir. | She is eleven. | She is Monday. | She is the teacher.	unknown	She is the teacher.		not-applicable:multiple-choice	wb1_l11_d4_e6		colors		false	true
wb1_l11	52	wb1_l11_d4	wb1_l11_d4_e7	multiple-choice		Listen and choose the best answer.	Where is Ms. Green?		unknown	She is in the classroom. | She is on Monday. | She is eleven. | She is from Egypt.	unknown	She is in the classroom.		not-applicable:multiple-choice	wb1_l11_d4_e7		colors		false	true
wb1_l11	53	wb1_l11_d4	wb1_l11_d4_e8	multiple-choice		Listen and choose the best answer.	When is English class?		unknown	It is Ms. Green. | It is on Monday at nine. | It is in the classroom. | It is eleven.	unknown	It is on Monday at nine.		not-applicable:multiple-choice	wb1_l11_d4_e8		numbers		false	true
wb1_l11	54	wb1_l11_d4	wb1_l11_d4_e9	writing		Write the correct answer.	Where are you from?	Correct the order: Where / from / are / you	unknown		none	Where are you from?		not-applicable:writing	wb1_l11_d4_e9		other		false	true
wb1_l11	55	wb1_l11_d4	wb1_l11_d4_e10	speaking		Ask and answer naturally.	Who is she? She is Ms. Green.	Who is she? She is Ms. Green.	unknown		none	Who is she? She is Ms. Green.		not-applicable:speaking	wb1_l11_d4_e10		colors		false	true
wb1_l11	56	wb1_l11_d5	wb1_l11_d5_e1	speaking		Ask the WH-question and give the complete answer.	What is your name? My name is Maya.	What is your name?	unknown		none	What is your name? My name is Maya.		not-applicable:speaking	wb1_l11_d5_e1		other		false	true
wb1_l11	57	wb1_l11_d5	wb1_l11_d5_e2	speaking		Ask the WH-question and give the complete answer.	Who is he? He is Leo.	Who is he?	unknown		none	Who is he? He is Leo.		not-applicable:speaking	wb1_l11_d5_e2		other		false	true
wb1_l11	58	wb1_l11_d5	wb1_l11_d5_e3	speaking		Ask the WH-question and give the complete answer.	Who is she? She is my teacher.	Who is she?	unknown		none	Who is she? She is my teacher.		not-applicable:speaking	wb1_l11_d5_e3		other		false	true
wb1_l11	59	wb1_l11_d5	wb1_l11_d5_e4	speaking		Ask the WH-question and give the complete answer.	Where are you from? I am from Brazil.	Where are you from?	unknown		none	Where are you from? I am from Brazil.		not-applicable:speaking	wb1_l11_d5_e4		alphabet		false	true
wb1_l11	60	wb1_l11_d5	wb1_l11_d5_e5	speaking		Ask the WH-question and give the complete answer.	Where is the teacher? She is in the classroom.	Where is the teacher?	unknown		none	Where is the teacher? She is in the classroom.		not-applicable:speaking	wb1_l11_d5_e5		other		false	true
wb1_l11	61	wb1_l11_d5	wb1_l11_d5_e6	speaking		Ask the WH-question and give the complete answer.	When is your birthday? It is in July.	When is your birthday?	unknown		none	When is your birthday? It is in July.		not-applicable:speaking	wb1_l11_d5_e6		other		false	true
wb1_l11	62	wb1_l11_d5	wb1_l11_d5_e7	speaking		Ask the WH-question and give the complete answer.	What day is it today? It is Monday.	What day is it today?	unknown		none	What day is it today? It is Monday.		not-applicable:speaking	wb1_l11_d5_e7		other		false	true
wb1_l11	63	wb1_l11_d5	wb1_l11_d5_e8	speaking		Ask the WH-question and give the complete answer.	What month is it? It is September.	What month is it?	unknown		none	What month is it? It is September.		not-applicable:speaking	wb1_l11_d5_e8		other		false	true
wb1_l11	64	wb1_l11_d5	wb1_l11_d5_e9	speaking		Ask the WH-question and give the complete answer.	What is the date? It is September third.	What is the date?	unknown		none	What is the date? It is September third.		not-applicable:speaking	wb1_l11_d5_e9		other		false	true
wb1_l11	65	wb1_l11_d5	wb1_l11_d5_e10	speaking		Ask the WH-question and give the complete answer.	How old are you? I am eleven.	How old are you?	unknown		none	How old are you? I am eleven.		not-applicable:speaking	wb1_l11_d5_e10		alphabet		false	true
wb1_l11	66	wb1_l11_d5	wb1_l11_d5_e11	speaking		Ask the WH-question and give the complete answer.	How old is she? She is twelve.	How old is she?	unknown		none	How old is she? She is twelve.		not-applicable:speaking	wb1_l11_d5_e11		numbers		false	true
wb1_l11	67	wb1_l11_d5	wb1_l11_d5_e12	speaking		Ask the WH-question and give the complete answer.	When is the class? It is at nine o'clock.	When is the class?	unknown		none	When is the class? It is at nine o'clock.		not-applicable:speaking	wb1_l11_d5_e12		alphabet		false	true
wb1_l11	68	wb1_l11_d5	wb1_l11_d5_e13	speaking		Ask the WH-question and give the complete answer.	Who is from Mexico? Maya is from Mexico.	Who is from Mexico?	unknown		none	Who is from Mexico? Maya is from Mexico.		not-applicable:speaking	wb1_l11_d5_e13		other		false	true
wb1_l11	69	wb1_l11_d5	wb1_l11_d5_e14	speaking		Ask the WH-question and give the complete answer.	Where are the students? They are at school.	Where are the students?	unknown		none	Where are the students? They are at school.		not-applicable:speaking	wb1_l11_d5_e14		other		false	true
wb1_l11	70	wb1_l11_d5	wb1_l11_d5_e15	speaking		Ask the WH-question and give the complete answer.	What season is it? It is spring in this example.	What season is it?	unknown		none	What season is it? It is spring in this example.		not-applicable:speaking	wb1_l11_d5_e15		other		false	true
wb1_l11	71	wb1_l11_d6	wb1_l11_d6_e1	speaking		Listen to and read the complete text.	Ms. Green welcomes a new student to the Monday class. His name is Amir, and he is eleven. Maya asks, “Where are you from?” Amir says he is from Egypt. Leo asks, “When is your birthday?” Amir’s birthday is on December second. The students look at the class calendar. It is September third, and their next school event is on October tenth at noon. Amir points to Ms. Green and asks, “Who is she?” Maya answers, “She’s our English teacher.” Then Amir asks where his book is. It is on his desk. At the end, Ms. Green asks, “What questions can you ask now?” The students use what, who, where, when, and how old to learn about their new classmate.	Reading — Questions for Amir  Ms. Green welcomes a new student to the Monday class. His name is Amir, and he is eleven. Maya asks, “Where are you from?” Amir says he is from Egypt. Leo asks, “When is your birthday?” Amir’s birthday is on December second. The students look at the class calendar. It is September third, and their next school event is on October tenth at noon. Amir points to Ms. Green and asks, “Who is she?” Maya answers, “She’s our English teacher.” Then Amir asks where his book is. It is on his desk. At the end, Ms. Green asks, “What questions can you ask now?” The students use what, who, where, when, and how old to learn about their new classmate.	unknown		none	Ms. Green welcomes a new student to the Monday class. His name is Amir, and he is eleven. Maya asks, “Where are you from?” Amir says he is from Egypt. Leo asks, “When is your birthday?” Amir’s birthday is on December second. The students look at the class calendar. It is September third, and their next school event is on October tenth at noon. Amir points to Ms. Green and asks, “Who is she?” Maya answers, “She’s our English teacher.” Then Amir asks where his book is. It is on his desk. At the end, Ms. Green asks, “What questions can you ask now?” The students use what, who, where, when, and how old to learn about their new classmate.		not-applicable:speaking	wb1_l11_d6_e1		colors		false	true
wb1_l11	72	wb1_l11_d6	wb1_l11_d6_e2	multiple-choice		Answer from the reading.	Who welcomes the new student?		unknown	Ms. Green. | His name is Amir. | He is eleven. | He is from Egypt.	unknown	Ms. Green.		not-applicable:multiple-choice	wb1_l11_d6_e2		colors		false	true
wb1_l11	73	wb1_l11_d6	wb1_l11_d6_e3	multiple-choice		Answer from the reading.	What is the new student’s name?		unknown	He is eleven. | His name is Amir. | He is from Egypt. | It is on December second.	unknown	His name is Amir.		not-applicable:multiple-choice	wb1_l11_d6_e3		alphabet		false	true
wb1_l11	74	wb1_l11_d6	wb1_l11_d6_e4	multiple-choice		Answer from the reading.	How old is Amir?		unknown	He is from Egypt. | It is on December second. | He is eleven. | Monday.	unknown	He is eleven.		not-applicable:multiple-choice	wb1_l11_d6_e4		numbers		false	true
wb1_l11	75	wb1_l11_d6	wb1_l11_d6_e5	multiple-choice		Answer from the reading.	Where is Amir from?		unknown	It is on December second. | Monday. | It is September third. | He is from Egypt.	unknown	He is from Egypt.		not-applicable:multiple-choice	wb1_l11_d6_e5		other		false	true
wb1_l11	76	wb1_l11_d6	wb1_l11_d6_e6	multiple-choice		Answer from the reading.	When is Amir’s birthday?		unknown	It is on December second. | Monday. | It is September third. | It is on October tenth at noon.	unknown	It is on December second.		not-applicable:multiple-choice	wb1_l11_d6_e6		alphabet		false	true
wb1_l11	77	wb1_l11_d6	wb1_l11_d6_e7	multiple-choice		Answer from the reading.	What day is the class?		unknown	It is September third. | Monday. | It is on October tenth at noon. | She is their English teacher.	unknown	Monday.		not-applicable:multiple-choice	wb1_l11_d6_e7		other		false	true
wb1_l11	78	wb1_l11_d6	wb1_l11_d6_e8	multiple-choice		Answer from the reading.	What is the date?		unknown	It is on October tenth at noon. | She is their English teacher. | It is September third. | It is on his desk.	unknown	It is September third.		not-applicable:multiple-choice	wb1_l11_d6_e8		other		false	true
wb1_l11	79	wb1_l11_d6	wb1_l11_d6_e9	multiple-choice		Answer from the reading.	When is the next school event?		unknown	She is their English teacher. | It is on his desk. | Amir. | It is on October tenth at noon.	unknown	It is on October tenth at noon.		not-applicable:multiple-choice	wb1_l11_d6_e9		other		false	true
wb1_l11	80	wb1_l11_d6	wb1_l11_d6_e10	multiple-choice		Answer from the reading.	Who is Ms. Green?		unknown	She is their English teacher. | It is on his desk. | Amir. | What questions can you ask now?	unknown	She is their English teacher.		not-applicable:multiple-choice	wb1_l11_d6_e10		colors		false	true
wb1_l11	81	wb1_l11_d7	wb1_l11_final_v2_listen_write_1	writing	listening-writing	Listen and write exactly what you hear.	name / your / what / is		unknown		none	name / your / what / is		not-applicable:writing	wb1_l11_final_v2_listen_write_1		other		false	true
wb1_l11	82	wb1_l11_d7	wb1_l11_final_v2_listen_write_2	writing	listening-writing	Listen and write exactly what you hear.	date / the / what / is		unknown		none	date / the / what / is		not-applicable:writing	wb1_l11_final_v2_listen_write_2		other		false	true
wb1_l11	83	wb1_l11_d7	wb1_l11_final_v2_listen_write_3	writing	listening-writing	Listen and write exactly what you hear.	Who is he?		unknown		none	Who is he?		not-applicable:writing	wb1_l11_final_v2_listen_write_3		other		false	true
wb1_l11	84	wb1_l11_d7	wb1_l11_final_v2_listen_write_4	writing	listening-writing	Listen and write exactly what you hear.	How old are you?		unknown		none	How old are you?		not-applicable:writing	wb1_l11_final_v2_listen_write_4		other		false	true
wb1_l11	85	wb1_l11_d7	wb1_l11_final_v2_listen_write_5	writing	listening-writing	Listen and write exactly what you hear.	She's in the classroom.		unknown		none	She's in the classroom.		not-applicable:writing	wb1_l11_final_v2_listen_write_5		alphabet		false	true
wb1_l11	86	wb1_l11_d7	wb1_l11_final_v2_listen_write_6	writing	listening-writing	Listen and write exactly what you hear.	Who is she? She is Ms. Green.		unknown		none	Who is she? She is Ms. Green.		not-applicable:writing	wb1_l11_final_v2_listen_write_6		colors		false	true
wb1_l11	87	wb1_l11_d7	wb1_l11_final_v2_listen_write_7	writing	listening-writing	Listen and write exactly what you hear.	What day is it today? It is Monday.		unknown		none	What day is it today? It is Monday.		not-applicable:writing	wb1_l11_final_v2_listen_write_7		other		false	true
wb1_l11	88	wb1_l11_d7	wb1_l11_final_v2_listen_write_8	writing	listening-writing	Listen and write exactly what you hear.	Where are the students? They are at school.		unknown		none	Where are the students? They are at school.		not-applicable:writing	wb1_l11_final_v2_listen_write_8		other		false	true
wb1_l11	89	wb1_l11_d7	wb1_l11_final_v2_shadow_1	speaking	shadowing	Listen and repeat exactly what you hear.	name / your / what / is		unknown		none	name / your / what / is		not-applicable:speaking	wb1_l11_final_v2_shadow_1		other		false	true
wb1_l11	90	wb1_l11_d7	wb1_l11_final_v2_shadow_2	speaking	shadowing	Listen and repeat exactly what you hear.	she / how old / is		unknown		none	she / how old / is		not-applicable:speaking	wb1_l11_final_v2_shadow_2		other		false	true
wb1_l11	91	wb1_l11_d7	wb1_l11_final_v2_shadow_3	speaking	shadowing	Listen and repeat exactly what you hear.	What day is it today?		unknown		none	What day is it today?		not-applicable:speaking	wb1_l11_final_v2_shadow_3		other		false	true
wb1_l11	92	wb1_l11_d7	wb1_l11_final_v2_shadow_4	speaking	shadowing	Listen and repeat exactly what you hear.	It's on Monday at nine.		unknown		none	It's on Monday at nine.		not-applicable:speaking	wb1_l11_final_v2_shadow_4		alphabet		false	true
wb1_l11	93	wb1_l11_d7	wb1_l11_final_v2_shadow_5	speaking	shadowing	Listen and repeat exactly what you hear.	Who is he? He is Leo.		unknown		none	Who is he? He is Leo.		not-applicable:speaking	wb1_l11_final_v2_shadow_5		other		false	true
wb1_l11	94	wb1_l11_d7	wb1_l11_final_v2_shadow_6	speaking	shadowing	Listen and repeat exactly what you hear.	When is the class? It is at nine o'clock.		unknown		none	When is the class? It is at nine o'clock.		not-applicable:speaking	wb1_l11_final_v2_shadow_6		alphabet		false	true
wb1_l11	95	wb1_l11_d7	wb1_l11_final_v2_speak_1	speaking	speaking	Listen and answer aloud in English.	What is your name?		unknown		none	My name is Maya.		not-applicable:speaking	wb1_l11_final_v2_speak_1		other		false	true
wb1_l11	96	wb1_l11_d7	wb1_l11_final_v2_speak_2	speaking	speaking	Listen and answer aloud in English.	When is your birthday?		unknown		none	It is in July.		not-applicable:speaking	wb1_l11_final_v2_speak_2		other		false	true
wb1_l11	97	wb1_l11_d7	wb1_l11_final_v2_speak_3	speaking	speaking	Listen and answer aloud in English.	How old is she?		unknown		none	She is twelve.		not-applicable:speaking	wb1_l11_final_v2_speak_3		numbers		false	true
wb1_l11	98	wb1_l11_d7	wb1_l11_final_v2_speak_4	speaking	speaking	Listen and answer aloud in English.	What season is it?		unknown		none	It is spring in this example.		not-applicable:speaking	wb1_l11_final_v2_speak_4		other		false	true
wb1_l11	99	wb1_l11_d7	wb1_l11_final_v2_speak_5	speaking	speaking	Listen and answer aloud in English.	Who is Ms. Green?		unknown		none	She is the teacher.		not-applicable:speaking	wb1_l11_final_v2_speak_5		colors		false	true
wb1_l11	100	wb1_l11_d7	wb1_l11_final_v2_speak_6	speaking	speaking	Listen and answer aloud in English.	When is Amir’s birthday?		unknown		none	It is on December second.		not-applicable:speaking	wb1_l11_final_v2_speak_6		alphabet		false	true
wb1_l12	1	wb1_l12_d1	wb1_l12_d1_e1	identification		Choose the regular past form.	work		unknown	worked | works | working | worken	unknown	worked		not-applicable:identification	wb1_l12_d1_e1		other		true	false
wb1_l12	2	wb1_l12_d1	wb1_l12_d1_e2	identification		Choose the regular past form.	talk		unknown	talks | talked | talking | talken	unknown	talked		not-applicable:identification	wb1_l12_d1_e2		other		true	false
wb1_l12	3	wb1_l12_d1	wb1_l12_d1_e3	identification		Choose the regular past form.	ask		unknown	asks | asking | asked | asken	unknown	asked		not-applicable:identification	wb1_l12_d1_e3		other		true	false
wb1_l12	4	wb1_l12_d1	wb1_l12_d1_e4	identification		Choose the regular past form.	help		unknown	helps | helping | helpen | helped	unknown	helped		not-applicable:identification	wb1_l12_d1_e4		other		true	false
wb1_l12	5	wb1_l12_d1	wb1_l12_d1_e5	identification		Choose the regular past form.	play		unknown	played | plays | playing | playen	unknown	played		not-applicable:identification	wb1_l12_d1_e5		other		true	false
wb1_l12	6	wb1_l12_d1	wb1_l12_d1_e6	identification		Choose the regular past form.	call		unknown	calls | called | calling | callen	unknown	called		not-applicable:identification	wb1_l12_d1_e6		other		true	false
wb1_l12	7	wb1_l12_d1	wb1_l12_d1_e7	identification		Choose the regular past form.	open		unknown	opens | opening | opened | openen	unknown	opened		not-applicable:identification	wb1_l12_d1_e7		other		true	false
wb1_l12	8	wb1_l12_d1	wb1_l12_d1_e8	identification		Choose the regular past form.	learn		unknown	learns | learning | learnen | learned	unknown	learned		not-applicable:identification	wb1_l12_d1_e8		other		true	false
wb1_l12	9	wb1_l12_d1	wb1_l12_d1_e9	identification		Choose the regular past form.	want		unknown	wanted | wants | wanting | wanten	unknown	wanted		not-applicable:identification	wb1_l12_d1_e9		other		true	false
wb1_l12	10	wb1_l12_d1	wb1_l12_d1_e10	identification		Choose the regular past form.	need		unknown	needs | needed | needing | needen	unknown	needed		not-applicable:identification	wb1_l12_d1_e10		other		true	false
wb1_l12	11	wb1_l12_d1	wb1_l12_d1_e11	identification		Choose the regular past form.	start		unknown	starts | starting | started | starten	unknown	started		not-applicable:identification	wb1_l12_d1_e11		other		true	false
wb1_l12	12	wb1_l12_d1	wb1_l12_d1_e12	identification		Choose the regular past form.	visit		unknown	visits | visiting | visiten | visited	unknown	visited		not-applicable:identification	wb1_l12_d1_e12		other		true	false
wb1_l12	13	wb1_l12_d1	wb1_l12_d1_e13	identification		Choose the regular past form.	watch		unknown	watched | watchs | watching | watchen	unknown	watched		not-applicable:identification	wb1_l12_d1_e13		other		true	false
wb1_l12	14	wb1_l12_d1	wb1_l12_d1_e14	identification		Choose the regular past form.	clean		unknown	cleans | cleaned | cleaning | cleanen	unknown	cleaned		not-applicable:identification	wb1_l12_d1_e14		other		true	false
wb1_l12	15	wb1_l12_d1	wb1_l12_d1_e15	identification		Choose the regular past form.	listen		unknown	listens | listening | listened | listenen	unknown	listened		not-applicable:identification	wb1_l12_d1_e15		other		true	false
wb1_l12	16	wb1_l12_d2	wb1_l12_d2_e1	writing		Write the regular past form with -ed.	work	work → ______	unknown		none	worked		not-applicable:writing	wb1_l12_d2_e1		other		false	true
wb1_l12	17	wb1_l12_d2	wb1_l12_d2_e2	writing		Write the regular past form with -ed.	talk	talk → ______	unknown		none	talked		not-applicable:writing	wb1_l12_d2_e2		other		false	true
wb1_l12	18	wb1_l12_d2	wb1_l12_d2_e3	writing		Write the regular past form with -ed.	ask	ask → ______	unknown		none	asked		not-applicable:writing	wb1_l12_d2_e3		other		false	true
wb1_l12	19	wb1_l12_d2	wb1_l12_d2_e4	writing		Write the regular past form with -ed.	help	help → ______	unknown		none	helped		not-applicable:writing	wb1_l12_d2_e4		other		false	true
wb1_l12	20	wb1_l12_d2	wb1_l12_d2_e5	writing		Write the regular past form with -ed.	play	play → ______	unknown		none	played		not-applicable:writing	wb1_l12_d2_e5		other		false	true
wb1_l12	21	wb1_l12_d2	wb1_l12_d2_e6	writing		Write the regular past form with -ed.	call	call → ______	unknown		none	called		not-applicable:writing	wb1_l12_d2_e6		other		false	true
wb1_l12	22	wb1_l12_d2	wb1_l12_d2_e7	writing		Write the regular past form with -ed.	open	open → ______	unknown		none	opened		not-applicable:writing	wb1_l12_d2_e7		other		false	true
wb1_l12	23	wb1_l12_d2	wb1_l12_d2_e8	writing		Write the regular past form with -ed.	learn	learn → ______	unknown		none	learned		not-applicable:writing	wb1_l12_d2_e8		other		false	true
wb1_l12	24	wb1_l12_d2	wb1_l12_d2_e9	writing		Write the regular past form with -ed.	want	want → ______	unknown		none	wanted		not-applicable:writing	wb1_l12_d2_e9		other		false	true
wb1_l12	25	wb1_l12_d2	wb1_l12_d2_e10	writing		Write the regular past form with -ed.	need	need → ______	unknown		none	needed		not-applicable:writing	wb1_l12_d2_e10		other		false	true
wb1_l12	26	wb1_l12_d2	wb1_l12_d2_e11	writing		Write the regular past form with -ed.	start	start → ______	unknown		none	started		not-applicable:writing	wb1_l12_d2_e11		other		false	true
wb1_l12	27	wb1_l12_d2	wb1_l12_d2_e12	writing		Write the regular past form with -ed.	visit	visit → ______	unknown		none	visited		not-applicable:writing	wb1_l12_d2_e12		other		false	true
wb1_l12	28	wb1_l12_d2	wb1_l12_d2_e13	writing		Write the regular past form with -ed.	watch	watch → ______	unknown		none	watched		not-applicable:writing	wb1_l12_d2_e13		other		false	true
wb1_l12	29	wb1_l12_d2	wb1_l12_d2_e14	writing		Write the regular past form with -ed.	clean	clean → ______	unknown		none	cleaned		not-applicable:writing	wb1_l12_d2_e14		other		false	true
wb1_l12	30	wb1_l12_d2	wb1_l12_d2_e15	writing		Write the regular past form with -ed.	listen	listen → ______	unknown		none	listened		not-applicable:writing	wb1_l12_d2_e15		other		false	true
wb1_l12	31	wb1_l12_d3	wb1_l12_d3_e1	multiple-choice		Listen to the whole word and choose the sound of -ed.	worked		unknown	/t/ | /d/ | /ɪd/ | silent	unknown	/t/		not-applicable:multiple-choice	wb1_l12_d3_e1		alphabet		false	true
wb1_l12	32	wb1_l12_d3	wb1_l12_d3_e2	multiple-choice		Listen to the whole word and choose the sound of -ed.	talked		unknown	/d/ | /t/ | /ɪd/ | silent	unknown	/t/		not-applicable:multiple-choice	wb1_l12_d3_e2		alphabet		false	true
wb1_l12	33	wb1_l12_d3	wb1_l12_d3_e3	multiple-choice		Listen to the whole word and choose the sound of -ed.	asked		unknown	/d/ | /ɪd/ | /t/ | silent	unknown	/t/		not-applicable:multiple-choice	wb1_l12_d3_e3		alphabet		false	true
wb1_l12	34	wb1_l12_d3	wb1_l12_d3_e4	multiple-choice		Listen to the whole word and choose the sound of -ed.	helped		unknown	/d/ | /ɪd/ | silent | /t/	unknown	/t/		not-applicable:multiple-choice	wb1_l12_d3_e4		alphabet		false	true
wb1_l12	35	wb1_l12_d3	wb1_l12_d3_e5	multiple-choice		Listen to the whole word and choose the sound of -ed.	watched		unknown	/t/ | /d/ | /ɪd/ | silent	unknown	/t/		not-applicable:multiple-choice	wb1_l12_d3_e5		alphabet		false	true
wb1_l12	36	wb1_l12_d3	wb1_l12_d3_e6	multiple-choice		Listen to the whole word and choose the sound of -ed.	played		unknown	/t/ | /d/ | /ɪd/ | silent	unknown	/d/		not-applicable:multiple-choice	wb1_l12_d3_e6		alphabet		false	true
wb1_l12	37	wb1_l12_d3	wb1_l12_d3_e7	multiple-choice		Listen to the whole word and choose the sound of -ed.	called		unknown	/t/ | /ɪd/ | /d/ | silent	unknown	/d/		not-applicable:multiple-choice	wb1_l12_d3_e7		alphabet		false	true
wb1_l12	38	wb1_l12_d3	wb1_l12_d3_e8	multiple-choice		Listen to the whole word and choose the sound of -ed.	opened		unknown	/t/ | /ɪd/ | silent | /d/	unknown	/d/		not-applicable:multiple-choice	wb1_l12_d3_e8		alphabet		false	true
wb1_l12	39	wb1_l12_d3	wb1_l12_d3_e9	multiple-choice		Listen to the whole word and choose the sound of -ed.	learned		unknown	/d/ | /t/ | /ɪd/ | silent	unknown	/d/		not-applicable:multiple-choice	wb1_l12_d3_e9		alphabet		false	true
wb1_l12	40	wb1_l12_d3	wb1_l12_d3_e10	multiple-choice		Listen to the whole word and choose the sound of -ed.	cleaned		unknown	/t/ | /d/ | /ɪd/ | silent	unknown	/d/		not-applicable:multiple-choice	wb1_l12_d3_e10		alphabet		false	true
wb1_l12	41	wb1_l12_d3	wb1_l12_d3_e11	multiple-choice		Listen to the whole word and choose the sound of -ed.	listened		unknown	/t/ | /ɪd/ | /d/ | silent	unknown	/d/		not-applicable:multiple-choice	wb1_l12_d3_e11		alphabet		false	true
wb1_l12	42	wb1_l12_d3	wb1_l12_d3_e12	multiple-choice		Listen to the whole word and choose the sound of -ed.	wanted		unknown	/t/ | /d/ | silent | /ɪd/	unknown	/ɪd/		not-applicable:multiple-choice	wb1_l12_d3_e12		alphabet		false	true
wb1_l12	43	wb1_l12_d3	wb1_l12_d3_e13	multiple-choice		Listen to the whole word and choose the sound of -ed.	needed		unknown	/ɪd/ | /t/ | /d/ | silent	unknown	/ɪd/		not-applicable:multiple-choice	wb1_l12_d3_e13		alphabet		false	true
wb1_l12	44	wb1_l12_d3	wb1_l12_d3_e14	multiple-choice		Listen to the whole word and choose the sound of -ed.	started		unknown	/t/ | /ɪd/ | /d/ | silent	unknown	/ɪd/		not-applicable:multiple-choice	wb1_l12_d3_e14		alphabet		false	true
wb1_l12	45	wb1_l12_d3	wb1_l12_d3_e15	multiple-choice		Listen to the whole word and choose the sound of -ed.	visited		unknown	/t/ | /d/ | /ɪd/ | silent	unknown	/ɪd/		not-applicable:multiple-choice	wb1_l12_d3_e15		alphabet		false	true
wb1_l12	46	wb1_l12_d4	wb1_l12_d4_e1	speaking		Listen to Dialogue 1 and repeat.	Teacher: What did you do yesterday? Ben: I played a number game and helped Leo. Teacher: Did class start at nine? Ben: Yes. It started at nine.	Dialogue 1 — Yesterday in class Teacher: What did you do yesterday? Ben: I played a number game and helped Leo. Teacher: Did class start at nine? Ben: Yes. It started at nine.	mixed		none	Teacher: What did you do yesterday? Ben: I played a number game and helped Leo. Teacher: Did class start at nine? Ben: Yes. It started at nine.		not-applicable:speaking	wb1_l12_d4_e1		alphabet		false	true
wb1_l12	47	wb1_l12_d4	wb1_l12_d4_e2	speaking		Listen to Dialogue 2 and repeat.	Maya: I visited the library yesterday. Leo: What did you do there? Maya: I looked at books and listened to a story. Leo: I called my friend after class.	Dialogue 2 — After class Maya: I visited the library yesterday. Leo: What did you do there? Maya: I looked at books and listened to a story. Leo: I called my friend after class.	mixed		none	Maya: I visited the library yesterday. Leo: What did you do there? Maya: I looked at books and listened to a story. Leo: I called my friend after class.		not-applicable:speaking	wb1_l12_d4_e2		alphabet		false	true
wb1_l12	48	wb1_l12_d4	wb1_l12_d4_e3	multiple-choice		Listen and choose the best answer.	What did Ben play?		unknown	A number game. | A phone game. | A birthday song. | A season video.	unknown	A number game.		not-applicable:multiple-choice	wb1_l12_d4_e3		alphabet		false	true
wb1_l12	49	wb1_l12_d4	wb1_l12_d4_e4	multiple-choice		Listen and choose the best answer.	Who did Ben help?		unknown	Maya. | Leo. | Ms. Green. | His sister.	unknown	Leo.		not-applicable:multiple-choice	wb1_l12_d4_e4		other		false	true
wb1_l12	50	wb1_l12_d4	wb1_l12_d4_e5	multiple-choice		Listen and choose the best answer.	What time did class start?		unknown	At noon. | At seven. | At nine. | At ten.	unknown	At nine.		not-applicable:multiple-choice	wb1_l12_d4_e5		numbers		false	true
wb1_l12	51	wb1_l12_d4	wb1_l12_d4_e6	multiple-choice		Listen and choose the best answer.	Where did Maya go?		unknown	To the park. | To Mexico. | To a party. | To the library.	unknown	To the library.		not-applicable:multiple-choice	wb1_l12_d4_e6		other		false	true
wb1_l12	52	wb1_l12_d4	wb1_l12_d4_e7	multiple-choice		Listen and choose the best answer.	What did Maya listen to?		unknown	A story. | A phone number. | A birthday date. | A teacher’s name.	unknown	A story.		not-applicable:multiple-choice	wb1_l12_d4_e7		alphabet		false	true
wb1_l12	53	wb1_l12_d4	wb1_l12_d4_e8	writing		Write the correct answer.	played	Complete: Ben ______ a number game.	unknown		none	played		not-applicable:writing	wb1_l12_d4_e8		alphabet		false	true
wb1_l12	54	wb1_l12_d4	wb1_l12_d4_e9	writing		Write the correct answer.	visited	Complete: Maya ______ the library.	unknown		none	visited		not-applicable:writing	wb1_l12_d4_e9		other		false	true
wb1_l12	55	wb1_l12_d4	wb1_l12_d4_e10	speaking		Repeat the two /t/ and /d/ past forms.	I looked at books and listened to a story.	I looked at books and listened to a story.	unknown		none	I looked at books and listened to a story.		not-applicable:speaking	wb1_l12_d4_e10		alphabet		false	true
wb1_l12	56	wb1_l12_d5	wb1_l12_d5_e1	speaking		Say the sentence and focus on the final -ed sound.	I worked yesterday.	/t/: work	unknown		none	I worked yesterday.		not-applicable:speaking	wb1_l12_d5_e1		alphabet		false	true
wb1_l12	57	wb1_l12_d5	wb1_l12_d5_e2	speaking		Say the sentence and focus on the final -ed sound.	We talked after class.	/t/: talk	unknown		none	We talked after class.		not-applicable:speaking	wb1_l12_d5_e2		alphabet		false	true
wb1_l12	58	wb1_l12_d5	wb1_l12_d5_e3	speaking		Say the sentence and focus on the final -ed sound.	She asked a question.	/t/: ask	unknown		none	She asked a question.		not-applicable:speaking	wb1_l12_d5_e3		alphabet		false	true
wb1_l12	59	wb1_l12_d5	wb1_l12_d5_e4	speaking		Say the sentence and focus on the final -ed sound.	He helped the teacher.	/t/: help	unknown		none	He helped the teacher.		not-applicable:speaking	wb1_l12_d5_e4		alphabet		false	true
wb1_l12	60	wb1_l12_d5	wb1_l12_d5_e5	speaking		Say the sentence and focus on the final -ed sound.	They watched a class video.	/t/: watch	unknown		none	They watched a class video.		not-applicable:speaking	wb1_l12_d5_e5		alphabet		false	true
wb1_l12	61	wb1_l12_d5	wb1_l12_d5_e6	speaking		Say the sentence and focus on the final -ed sound.	I played a number game.	/d/: play	unknown		none	I played a number game.		not-applicable:speaking	wb1_l12_d5_e6		alphabet		false	true
wb1_l12	62	wb1_l12_d5	wb1_l12_d5_e7	speaking		Say the sentence and focus on the final -ed sound.	She called her friend.	/d/: call	unknown		none	She called her friend.		not-applicable:speaking	wb1_l12_d5_e7		alphabet		false	true
wb1_l12	63	wb1_l12_d5	wb1_l12_d5_e8	speaking		Say the sentence and focus on the final -ed sound.	We opened our books.	/d/: open	unknown		none	We opened our books.		not-applicable:speaking	wb1_l12_d5_e8		alphabet		false	true
wb1_l12	64	wb1_l12_d5	wb1_l12_d5_e9	speaking		Say the sentence and focus on the final -ed sound.	They learned the months.	/d/: learn	unknown		none	They learned the months.		not-applicable:speaking	wb1_l12_d5_e9		alphabet		false	true
wb1_l12	65	wb1_l12_d5	wb1_l12_d5_e10	speaking		Say the sentence and focus on the final -ed sound.	He cleaned his desk.	/d/: clean	unknown		none	He cleaned his desk.		not-applicable:speaking	wb1_l12_d5_e10		alphabet		false	true
wb1_l12	66	wb1_l12_d5	wb1_l12_d5_e11	speaking		Say the sentence and focus on the final -ed sound.	I listened to the dialogue.	/d/: listen	unknown		none	I listened to the dialogue.		not-applicable:speaking	wb1_l12_d5_e11		alphabet		false	true
wb1_l12	67	wb1_l12_d5	wb1_l12_d5_e12	speaking		Say the sentence and focus on the final -ed sound.	Maya wanted a new book.	/ɪd/: want	unknown		none	Maya wanted a new book.		not-applicable:speaking	wb1_l12_d5_e12		alphabet		false	true
wb1_l12	68	wb1_l12_d5	wb1_l12_d5_e13	speaking		Say the sentence and focus on the final -ed sound.	Ben needed help.	/ɪd/: need	unknown		none	Ben needed help.		not-applicable:speaking	wb1_l12_d5_e13		alphabet		false	true
wb1_l12	69	wb1_l12_d5	wb1_l12_d5_e14	speaking		Say the sentence and focus on the final -ed sound.	Class started at nine.	/ɪd/: start	unknown		none	Class started at nine.		not-applicable:speaking	wb1_l12_d5_e14		alphabet		false	true
wb1_l12	70	wb1_l12_d5	wb1_l12_d5_e15	speaking		Say the sentence and focus on the final -ed sound.	We visited the school library.	/ɪd/: visit	unknown		none	We visited the school library.		not-applicable:speaking	wb1_l12_d5_e15		alphabet		false	true
wb1_l12	71	wb1_l12_d6	wb1_l12_d6_e1	speaking		Listen to and read the complete text.	Yesterday was Monday, September third. The Learnendo students started class at nine o’clock. Ms. Green opened the lesson and asked a question about birthdays. Maya answered first and spelled her name. Ben wanted to practice numbers, so the class played a short number game. Leo talked about the seasons and helped a new student with the calendar. At noon, everyone visited the school library. They looked at books, listened to a short story, and learned new words. After class, Maya called her friend and talked about the good day. The students practiced many regular past verbs. They noticed that the written ending was always -ed in these examples, but its sound was /t/, /d/, or /ɪd/.	Reading — Yesterday at Learnendo  Yesterday was Monday, September third. The Learnendo students started class at nine o’clock. Ms. Green opened the lesson and asked a question about birthdays. Maya answered first and spelled her name. Ben wanted to practice numbers, so the class played a short number game. Leo talked about the seasons and helped a new student with the calendar. At noon, everyone visited the school library. They looked at books, listened to a short story, and learned new words. After class, Maya called her friend and talked about the good day. The students practiced many regular past verbs. They noticed that the written ending was always -ed in these examples, but its sound was /t/, /d/, or /ɪd/.	unknown		none	Yesterday was Monday, September third. The Learnendo students started class at nine o’clock. Ms. Green opened the lesson and asked a question about birthdays. Maya answered first and spelled her name. Ben wanted to practice numbers, so the class played a short number game. Leo talked about the seasons and helped a new student with the calendar. At noon, everyone visited the school library. They looked at books, listened to a short story, and learned new words. After class, Maya called her friend and talked about the good day. The students practiced many regular past verbs. They noticed that the written ending was always -ed in these examples, but its sound was /t/, /d/, or /ɪd/.		not-applicable:speaking	wb1_l12_d6_e1		colors		false	true
wb1_l12	72	wb1_l12_d6	wb1_l12_d6_e2	multiple-choice		Answer from the reading.	What day was yesterday?		unknown	It was Monday. | It was September third. | It started at nine o'clock. | Ms. Green.	unknown	It was Monday.		not-applicable:multiple-choice	wb1_l12_d6_e2		other		false	true
wb1_l12	73	wb1_l12_d6	wb1_l12_d6_e3	multiple-choice		Answer from the reading.	What was the date?		unknown	It started at nine o'clock. | It was September third. | Ms. Green. | Birthdays.	unknown	It was September third.		not-applicable:multiple-choice	wb1_l12_d6_e3		other		false	true
wb1_l12	74	wb1_l12_d6	wb1_l12_d6_e4	multiple-choice		Answer from the reading.	What time did class start?		unknown	Ms. Green. | Birthdays. | It started at nine o'clock. | Maya.	unknown	It started at nine o'clock.		not-applicable:multiple-choice	wb1_l12_d6_e4		alphabet		false	true
wb1_l12	75	wb1_l12_d6	wb1_l12_d6_e5	multiple-choice		Answer from the reading.	Who opened the lesson?		unknown	Birthdays. | Maya. | Numbers. | Ms. Green.	unknown	Ms. Green.		not-applicable:multiple-choice	wb1_l12_d6_e5		colors		false	true
wb1_l12	76	wb1_l12_d6	wb1_l12_d6_e6	multiple-choice		Answer from the reading.	What did Ms. Green ask about?		unknown	Birthdays. | Maya. | Numbers. | A short number game.	unknown	Birthdays.		not-applicable:multiple-choice	wb1_l12_d6_e6		colors		false	true
wb1_l12	77	wb1_l12_d6	wb1_l12_d6_e7	multiple-choice		Answer from the reading.	Who answered first?		unknown	Numbers. | Maya. | A short number game. | Leo.	unknown	Maya.		not-applicable:multiple-choice	wb1_l12_d6_e7		other		false	true
wb1_l12	78	wb1_l12_d6	wb1_l12_d6_e8	multiple-choice		Answer from the reading.	What did Ben want to practice?		unknown	A short number game. | Leo. | Numbers. | The school library.	unknown	Numbers.		not-applicable:multiple-choice	wb1_l12_d6_e8		numbers		false	true
wb1_l12	79	wb1_l12_d6	wb1_l12_d6_e9	multiple-choice		Answer from the reading.	What game did the class play?		unknown	Leo. | The school library. | A short story. | A short number game.	unknown	A short number game.		not-applicable:multiple-choice	wb1_l12_d6_e9		alphabet		false	true
wb1_l12	80	wb1_l12_d6	wb1_l12_d6_e10	multiple-choice		Answer from the reading.	Who helped a new student?		unknown	Leo. | The school library. | A short story. | Maya.	unknown	Leo.		not-applicable:multiple-choice	wb1_l12_d6_e10		alphabet		false	true
wb1_l12	81	wb1_l12_d7	wb1_l12_final_v2_listen_write_1	writing	listening-writing	Listen and write exactly what you hear.	work		unknown		none	work		not-applicable:writing	wb1_l12_final_v2_listen_write_1		other		false	true
wb1_l12	82	wb1_l12_d7	wb1_l12_final_v2_listen_write_2	writing	listening-writing	Listen and write exactly what you hear.	want		unknown		none	want		not-applicable:writing	wb1_l12_final_v2_listen_write_2		other		false	true
wb1_l12	83	wb1_l12_d7	wb1_l12_final_v2_listen_write_3	writing	listening-writing	Listen and write exactly what you hear.	asked		unknown		none	asked		not-applicable:writing	wb1_l12_final_v2_listen_write_3		other		false	true
wb1_l12	84	wb1_l12_d7	wb1_l12_final_v2_listen_write_4	writing	listening-writing	Listen and write exactly what you hear.	listened		unknown		none	listened		not-applicable:writing	wb1_l12_final_v2_listen_write_4		other		false	true
wb1_l12	85	wb1_l12_d7	wb1_l12_final_v2_listen_write_5	writing	listening-writing	Listen and write exactly what you hear.	Who did Ben help?	Name: Ben	unknown		none	Who did Ben help?		not-applicable:writing	wb1_l12_final_v2_listen_write_5		other		false	true
wb1_l12	86	wb1_l12_d7	wb1_l12_final_v2_listen_write_6	writing	listening-writing	Listen and write exactly what you hear.	She asked a question.		unknown		none	She asked a question.		not-applicable:writing	wb1_l12_final_v2_listen_write_6		alphabet		false	true
wb1_l12	87	wb1_l12_d7	wb1_l12_final_v2_listen_write_7	writing	listening-writing	Listen and write exactly what you hear.	I listened to the dialogue.		unknown		none	I listened to the dialogue.		not-applicable:writing	wb1_l12_final_v2_listen_write_7		alphabet		false	true
wb1_l12	88	wb1_l12_d7	wb1_l12_final_v2_listen_write_8	writing	listening-writing	Listen and write exactly what you hear.	What was the date?		unknown		none	What was the date?		not-applicable:writing	wb1_l12_final_v2_listen_write_8		other		false	true
wb1_l12	89	wb1_l12_d7	wb1_l12_final_v2_shadow_1	speaking	shadowing	Listen and repeat exactly what you hear.	I played a number game and helped Leo.		unknown		none	I played a number game and helped Leo.		not-applicable:speaking	wb1_l12_final_v2_shadow_1		alphabet		false	true
wb1_l12	90	wb1_l12_d7	wb1_l12_final_v2_shadow_2	speaking	shadowing	Listen and repeat exactly what you hear.	What did Maya listen to?		unknown		none	What did Maya listen to?		not-applicable:speaking	wb1_l12_final_v2_shadow_2		other		false	true
wb1_l12	91	wb1_l12_d7	wb1_l12_final_v2_shadow_3	speaking	shadowing	Listen and repeat exactly what you hear.	They watched a class video.		unknown		none	They watched a class video.		not-applicable:speaking	wb1_l12_final_v2_shadow_3		alphabet		false	true
wb1_l12	92	wb1_l12_d7	wb1_l12_final_v2_shadow_4	speaking	shadowing	Listen and repeat exactly what you hear.	He cleaned his desk.		unknown		none	He cleaned his desk.		not-applicable:speaking	wb1_l12_final_v2_shadow_4		other		false	true
wb1_l12	93	wb1_l12_d7	wb1_l12_final_v2_shadow_5	speaking	shadowing	Listen and repeat exactly what you hear.	We visited the school library.		unknown		none	We visited the school library.		not-applicable:speaking	wb1_l12_final_v2_shadow_5		other		false	true
wb1_l12	94	wb1_l12_d7	wb1_l12_final_v2_shadow_6	speaking	shadowing	Listen and repeat exactly what you hear.	What did Ms. Green ask about?		unknown		none	What did Ms. Green ask about?		not-applicable:speaking	wb1_l12_final_v2_shadow_6		colors		false	true
wb1_l12	95	wb1_l12_d7	wb1_l12_final_v2_speak_1	speaking	speaking	Listen and answer aloud in English.	What did Ben play?		unknown		none	A number game.		not-applicable:speaking	wb1_l12_final_v2_speak_1		alphabet		false	true
wb1_l12	96	wb1_l12_d7	wb1_l12_final_v2_speak_2	speaking	speaking	Listen and answer aloud in English.	Where did Maya go?		unknown		none	To the library.		not-applicable:speaking	wb1_l12_final_v2_speak_2		other		false	true
wb1_l12	97	wb1_l12_d7	wb1_l12_final_v2_speak_3	speaking	speaking	Listen and answer aloud in English.	What was the date?		unknown		none	It was September third.		not-applicable:speaking	wb1_l12_final_v2_speak_3		other		false	true
wb1_l12	98	wb1_l12_d7	wb1_l12_final_v2_speak_4	speaking	speaking	Listen and answer aloud in English.	Who opened the lesson?		unknown		none	Ms. Green.		not-applicable:speaking	wb1_l12_final_v2_speak_4		colors		false	true
wb1_l12	99	wb1_l12_d7	wb1_l12_final_v2_speak_5	speaking	speaking	Listen and answer aloud in English.	Who answered first?		unknown		none	Maya.		not-applicable:speaking	wb1_l12_final_v2_speak_5		other		false	true
wb1_l12	100	wb1_l12_d7	wb1_l12_final_v2_speak_6	speaking	speaking	Listen and answer aloud in English.	What game did the class play?		unknown		none	A short number game.		not-applicable:speaking	wb1_l12_final_v2_speak_6		alphabet		false	true
